No.,Vulnerability Title,Stage,Reason,Vulnerability ID,Severity,Affected Versions,CVE,CWE,Vulnerability Link,Vulnerability Link（超链接）
1,Sandbox browser noVNC observer lacked VNC authentication,Authentication & Authorization Decision Stage,漏洞核心在于缺少VNC认证，属于身份校验缺失问题,GHSA-25GX-X37C-7PPH,Moderate,<= 2026.2.19-2,,CWE-306,https://github.com/openclaw/openclaw/security/advisories/GHSA-25gx-x37c-7pph,Vulnerability Link
2,BlueBubbles group allowlist mismatch via DM pairing-store fallback,Authentication & Authorization Decision Stage,CWE-863 表示授权验证不正确，漏洞涉及群组允许列表与私信配对存储回退机制间的权限判断错误，属于权限控制失效问题。,GHSA-25PW-4H6W-QWVM,Low,<= 2026.2.25,,CWE-863,https://github.com/openclaw/openclaw/security/advisories/GHSA-25pw-4h6w-qwvm,Vulnerability Link
3,Workspace-only sandbox guard mismatch for @-prefixed absolute paths,Resource Access Stage,漏洞涉及路径解析错误导致的越界资源访问，属于路径遍历（CWE-22）和不正确路径处理（CWE-180）问题。,GHSA-27CR-4P5M-74RJ,Moderate,<= 2026.2.23,,CWE-22; CWE-180,https://github.com/openclaw/openclaw/security/advisories/GHSA-27cr-4p5m-74rj,Vulnerability Link
4,Node camera URL payload host-binding bypass allowed gateway fetch pivots,Resource Access Stage,漏洞涉及绕过主机绑定限制，导致可访问非预期的内部资源，属于SSRF类问题,GHSA-2858-XG23-26FP,Moderate,>= 2026.2.13 <= 2026.3.1,,CWE-918,https://github.com/openclaw/openclaw/security/advisories/GHSA-2858-xg23-26fp,Vulnerability Link
5,commands.allowFrom sender authorization accepted conversation identifiers via ctx.From,Authentication & Authorization Decision Stage,漏洞涉及授权逻辑错误，错误地接受会话标识符进行权限判断,GHSA-2CH6-X3G4-7759,Moderate,<=2026.2.22-2,,CWE-639,https://github.com/openclaw/openclaw/security/advisories/GHSA-2ch6-x3g4-7759,Vulnerability Link
6,system.run shell-wrapper env injection via SHELLOPTS/PS4 can bypass allowlist intent (RCE),Execution Stage,漏洞通过环境变量注入导致任意命令执行，属于命令注入类RCE，直接发生在执行阶段。,GHSA-2FGQ-7J6H-9RM4,Moderate,<= 2026.2.21-2,,CWE-15; CWE-78,https://github.com/openclaw/openclaw/security/advisories/GHSA-2fgq-7j6h-9rm4,Vulnerability Link
7,Owner-only gateway tool access checks were incomplete in specific authenticated DM flows,Authentication & Authorization Decision Stage,漏洞涉及所有者权限检查不完整，属于权限判断错误,GHSA-2HM8-RQRM-XFJQ,Low,<= 2026.2.17,,CWE-269; CWE-863,https://github.com/openclaw/openclaw/security/advisories/GHSA-2hm8-rqrm-xfjq,Vulnerability Link
8,iOS deep link (openclaw://agent) can trigger gateway agent requests without local confirmation,Authentication & Authorization Decision Stage,漏洞允许通过 deep link 触发敏感操作而无需本地确认，属于身份或权限校验缺失。,GHSA-2J9J-GF59-P4P5,Low,<= 2026.2.22-2,,,https://github.com/openclaw/openclaw/security/advisories/GHSA-2j9j-gf59-p4p5,Vulnerability Link
9,iMessage remote attachment SCP hardening (strict host-key checks and remoteHost validation),Execution Stage,漏洞涉及远程命令执行（CWE-78）和不安全的主机密钥验证（CWE-295），核心风险在于执行阶段对远程命令或连接的处理不当。,GHSA-2MC2-G238-722J,Moderate,2026.2.17,,CWE-78; CWE-295,https://github.com/openclaw/openclaw/security/advisories/GHSA-2mc2-g238-722j,Vulnerability Link
10,OC-91: WhatsApp reaction action bypasses JID authorization for allowFrom-restricted targets,Authentication & Authorization Decision Stage,漏洞涉及绕过JID授权检查，属于权限判断错误,GHSA-2PRF-9CW7-FQ62,Moderate,<= 2026.2.19-2,CVE-2026-27158,CWE-20; CWE-862,https://github.com/openclaw/openclaw/security/advisories/GHSA-2prf-9cw7-fq62,Vulnerability Link
11,OC-19: Unsanitized CWD path injection into LLM prompts,Execution Stage,漏洞涉及将未净化的路径注入到LLM提示中，可能触发命令执行或解释器处理，属于执行阶段的代码/命令注入问题。,GHSA-2QJ5-GWG2-XWC4,High,< 2026.2.15,CVE-2026-27001,CWE-77,https://github.com/openclaw/openclaw/security/advisories/GHSA-2qj5-gwg2-xwc4,Vulnerability Link
12,Improper X-Forwarded-For parsing behind trusted proxies allows client IP spoofing in security decisions,Authentication & Authorization Decision Stage,漏洞涉及在安全决策中错误地信任了被伪造的客户端IP，影响身份或权限判断。,GHSA-2RGF-HM63-5QPH,Low,<= 2026.2.19-2,,CWE-345; CWE-807,https://github.com/openclaw/openclaw/security/advisories/GHSA-2rgf-hm63-5qph,Vulnerability Link
13,HTML injection via unvalidated image MIME type in data-URL interpolation,Persistence & Output Presentation Stage,漏洞通过未验证的图片MIME类型在数据URL插值中导致HTML注入，属于输出展示不当引发的安全问题。,GHSA-2WW6-868G-2C56,Moderate,<= 2026.2.22,,CWE-79,https://github.com/openclaw/openclaw/security/advisories/GHSA-2ww6-868g-2c56,Vulnerability Link
14,Temporary path handling could write outside OpenClaw temp boundary,Resource Access Stage,漏洞涉及临时路径处理不当，可能导致写入超出指定边界，属于文件系统资源访问控制问题。,GHSA-33HM-CQ8R-WC49,Moderate,<= 2026.2.23,,CWE-22; CWE-284,https://github.com/openclaw/openclaw/security/advisories/GHSA-33hm-cq8r-wc49,Vulnerability Link
15,"Twitch allowFrom not enforced in optional plugin, unauthorized chat users can trigger agent pipeline",Authentication & Authorization Decision Stage,漏洞涉及未正确实施访问控制，导致未授权用户可触发代理流水线，属于权限判断缺失问题。,GHSA-33RQ-M5X2-FVGF,High,">= 2026.1.29, < 2026.2.1",,CWE-285,https://github.com/openclaw/openclaw/security/advisories/GHSA-33rq-m5x2-fvgf,Vulnerability Link
16,Discord DM reaction ingress missed dmPolicy/allowFrom checks in restricted setups,Authentication & Authorization Decision Stage,漏洞涉及在受限设置中遗漏了对DM策略和allowFrom的权限检查，属于授权判断缺失。,GHSA-354R-7MFH-7RH2,Moderate,<= 2026.2.24,,CWE-863,https://github.com/openclaw/openclaw/security/advisories/GHSA-354r-7mfh-7rh2,Vulnerability Link
17,Browser trace/download path symlink escape in temp output handling,Resource Access Stage,漏洞涉及符号链接导致的路径遍历，属于对文件资源的非预期访问,GHSA-36H3-7C54-J27R,Moderate,<= 2026.2.24,,CWE-22; CWE-59,https://github.com/openclaw/openclaw/security/advisories/GHSA-36h3-7c54-j27r,Vulnerability Link
18,Stored XSS in Control UI via unsanitized assistant name/avatar in inline script injection,Persistence & Output Presentation Stage,漏洞源于未对用户输入的助手名称/头像进行转义，直接嵌入到内联脚本中并在页面展示时执行，属于存储型XSS，主要发生在输出呈现阶段。,GHSA-37GC-85XM-2WW6,Moderate,<=2026.2.14,CVE-2026-27009,,https://github.com/openclaw/openclaw/security/advisories/GHSA-37gc-85xm-2ww6,Vulnerability Link
19,Unicode canonicalization drift in node metadata policy classification could broaden node allowlists,Input Ingress Stage,漏洞源于Unicode规范化不一致导致输入解析错误，影响策略分类和准入控制,GHSA-392F-GGF5-FP3C,Moderate,<= 2026.2.26,,CWE-176; CWE-436,https://github.com/openclaw/openclaw/security/advisories/GHSA-392f-ggf5-fp3c,Vulnerability Link
20,tools.exec.safeBins sort long-option abbreviation bypass can skip exec approval in allowlist mode,Authentication & Authorization Decision Stage,漏洞允许绕过执行审批机制，直接跳过了授权检查,GHSA-3C6H-G97W-FG78,High,<= 2026.2.22-2,,CWE-184; CWE-863,https://github.com/openclaw/openclaw/security/advisories/GHSA-3c6h-g97w-fg78,Vulnerability Link
21,Opt-in insecure Control UI auth over plaintext HTTP could allow privileged access in affected releases,Authentication & Authorization Decision Stage,漏洞涉及认证机制在明文HTTP上被绕过，导致权限判断失效,GHSA-3CVX-236H-M9FJ,Moderate,<=2026.2.19-2,,CWE-285; CWE-319,https://github.com/openclaw/openclaw/security/advisories/GHSA-3cvx-236h-m9fj,Vulnerability Link
22,Cross-Site request forgery (CSRF) through loopback browser mutation endpoints,Authentication & Authorization Decision Stage,CSRF漏洞本质是绕过身份验证机制，在用户已认证的上下文中执行未授权操作，属于权限判断缺失或认证上下文滥用。,GHSA-3FQR-4CG8-H96Q,High,<=2026.1.24-3,CVE-2026-26317,CWE-352,https://github.com/openclaw/openclaw/security/advisories/GHSA-3fqr-4cg8-h96q,Vulnerability Link
23,system.run allowlist approval parsing missed PowerShell encoded-command wrappers,Input Ingress Stage,漏洞源于对PowerShell编码命令包装器的解析不充分，属于输入解析和规范化阶段的问题。,GHSA-3H2Q-J2V4-6W5R,Moderate,<= 2026.3.2,,CWE-184; CWE-863,https://github.com/openclaw/openclaw/security/advisories/GHSA-3h2q-j2v4-6w5r,Vulnerability Link
24,Exec allowlist bypass via command substitution/backticks inside double quotes,Execution Stage,该漏洞通过命令替换绕过执行白名单，直接导致任意命令执行，属于执行阶段的命令注入问题。,GHSA-3HCM-GGVF-RCH5,High,<= 2026.2.1,,CWE-78,https://github.com/openclaw/openclaw/security/advisories/GHSA-3hcm-ggvf-rch5,Vulnerability Link
25,Hardlink alias checks could bypass workspace-only file boundaries in specific configurations,Resource Access Stage,漏洞涉及硬链接绕过工作区文件边界，直接导致对非授权文件资源的访问。,GHSA-3JX4-Q2M7-R496,High,<= 2026.2.24,,CWE-59; CWE-668,https://github.com/openclaw/openclaw/security/advisories/GHSA-3jx4-q2m7-r496,Vulnerability Link
26,Optional voice-call plugin: webhook verification may be bypassed behind certain proxy configurations,Authentication & Authorization Decision Stage,漏洞涉及身份验证绕过，属于认证决策阶段的问题。,GHSA-3M3Q-X3GJ-F79X,Moderate,< 2026.2.3,,CWE-287,https://github.com/openclaw/openclaw/security/advisories/GHSA-3m3q-x3gj-f79x,Vulnerability Link
27,Unified root-bound write hardening for browser output and related path-boundary flows,Resource Access Stage,漏洞涉及路径边界控制和符号链接解析，导致越界文件访问，属于资源访问阶段的问题。,GHSA-3PXQ-F3CP-JMXP,Moderate,<= 2026.3.1,,CWE-59; CWE-367,https://github.com/openclaw/openclaw/security/advisories/GHSA-3pxq-f3cp-jmxp,Vulnerability Link
28,OpenClaw exec allowlist safeBins short-option bypass could permit arbitrary file write,Execution Stage,漏洞涉及通过短选项绕过安全限制，导致任意文件写入，属于执行阶段的危险操作。,GHSA-3X3X-H76W-HP98,Moderate,<=2026.2.17,,CWE-184,https://github.com/openclaw/openclaw/security/advisories/GHSA-3x3x-h76w-hp98,Vulnerability Link
29,OpenClaw safeBins grep -e File Read Bypass (stdin-only policy bypass),Resource Access Stage,漏洞涉及绕过文件读取限制，直接导致任意文件访问,GHSA-3XFW-4PMR-4XC5,Moderate,<= 2026.2.19-2,,CWE-184,https://github.com/openclaw/openclaw/security/advisories/GHSA-3xfw-4pmr-4xc5,Vulnerability Link
30,Chrome --no-sandbox disabled OS-level browser sandbox in sandbox browser container,Execution Stage,该漏洞涉及禁用操作系统级沙箱，直接影响代码执行环境的安全隔离，属于执行阶段的沙箱逃逸问题。,GHSA-43X4-G22P-3HRQ,Moderate,<=2026.2.19-2,,CWE-693,https://github.com/openclaw/openclaw/security/advisories/GHSA-43x4-g22p-3hrq,Vulnerability Link
31,OC-28: Prevent shell injection in macOS keychain credential write,Execution Stage,该漏洞涉及shell命令注入（CWE-78），属于在执行阶段因未正确过滤用户输入而导致任意命令执行的问题。,GHSA-4564-PVR2-QQ4H,High,<=2026.2.13,CVE-2026-27487,CWE-78,https://github.com/openclaw/openclaw/security/advisories/GHSA-4564-pvr2-qq4h,Vulnerability Link
32,"Browser navigation guard allowed non-network URL schemes, enabling authenticated browser-tool users to access file:// local files.",Resource Access Stage,漏洞允许通过非网络URL方案访问本地文件，属于对文件资源的越权访问。,GHSA-45CG-2683-GFMQ,Moderate,<= 2026.2.19-2,,CWE-610,https://github.com/openclaw/openclaw/security/advisories/GHSA-45cg-2683-gfmq,Vulnerability Link
33,safeBins stdin-only bypass via sort output and recursive grep flags,Execution Stage,漏洞涉及通过命令注入（CWE-78）和不完整的黑名单（CWE-184）绕过安全限制，直接导致命令执行。,GHSA-4685-C5CP-VP95,Low,<= 2026.2.17,,CWE-78; CWE-184,https://github.com/openclaw/openclaw/security/advisories/GHSA-4685-c5cp-vp95,Vulnerability Link
34,"Sandboxed sessions_spawn(runtime=""acp"") bypassed sandbox inheritance and allowed host ACP initialization",Authentication & Authorization Decision Stage,漏洞涉及沙箱继承绕过和权限控制失效，导致未授权的主机ACP初始化，属于权限判定错误。,GHSA-474H-PRJG-MMW3,High,<=2026.3.1,,CWE-269,https://github.com/openclaw/openclaw/security/advisories/GHSA-474h-prjg-mmw3,Vulnerability Link
35,Config writes could persist resolved ${VAR} secrets to disk,Persistence & Output Presentation Stage,漏洞导致解析后的敏感信息被持久化写入磁盘，属于数据保存阶段的敏感信息泄露问题。,GHSA-47Q7-97XP-M272,Moderate,< 2026.2.13,,,https://github.com/openclaw/openclaw/security/advisories/GHSA-47q7-97xp-m272,Vulnerability Link
36,allowlist exec-guard bypass via env -S,Execution Stage,漏洞涉及通过环境变量绕过执行保护机制，直接导致命令或代码执行,GHSA-48WF-G7CP-GR3M,Moderate,<= 2026.2.22-2,,CWE-184; CWE-693,https://github.com/openclaw/openclaw/security/advisories/GHSA-48wf-g7cp-gr3m,Vulnerability Link
37,Discord `allowFrom` slug-collision authorization bypass,Authentication & Authorization Decision Stage,漏洞涉及授权绕过，核心问题在于权限判断错误,GHSA-4CQV-H74H-93J4,Moderate,<= 2026.2.21-2,,CWE-287,https://github.com/openclaw/openclaw/security/advisories/GHSA-4cqv-h74h-93j4,Vulnerability Link
38,non-default configuration: manually adding sort to tools.exec.safeBins could bypass allowlist approval via --compress-program,Execution Stage,漏洞通过向 tools.exec.safeBins 添加 sort 绕过 allowlist，导致执行任意命令，属于命令注入类问题,GHSA-4GC7-QCVF-38WG,Moderate,<= 2026.2.21-2,,CWE-78; CWE-184,https://github.com/openclaw/openclaw/security/advisories/GHSA-4gc7-qcvf-38wg,Vulnerability Link
39,Missing Webhook Authentication in Telnyx Provider Allows Unauthenticated Requests,Authentication & Authorization Decision Stage,漏洞核心在于缺少对Webhook请求的身份认证，导致未授权访问。,GHSA-4HG8-92X6-H2F3,High,<= 2026.2.13,CVE-2026-26319,CWE-306,https://github.com/openclaw/openclaw/security/advisories/GHSA-4hg8-92x6-h2f3,Vulnerability Link
40,Inbound allowlist policy bypass in voice-call extension (empty caller ID + suffix matching),Authentication & Authorization Decision Stage,漏洞涉及通过空主叫ID和后缀匹配绕过入站白名单策略，属于认证或授权决策被绕过的问题。,GHSA-4RJ2-GPMH-QQ5X,Critical,<= 2026.2.1,,CWE-287,https://github.com/openclaw/openclaw/security/advisories/GHSA-4rj2-gpmh-qq5x,Vulnerability Link
41,Incomplete IPv4 special-use SSRF blocking in web fetch guard,Resource Access Stage,漏洞涉及对特殊用途IPv4地址的SSRF防护不全，导致可能访问受限内部资源,GHSA-4RQQ-W8V4-7P47,Low,<= 2026.2.21-2,,,https://github.com/openclaw/openclaw/security/advisories/GHSA-4rqq-w8v4-7p47,Vulnerability Link
42,Zalo group sender allowlist bypass permits unauthorized GROUP dispatch,Authentication & Authorization Decision Stage,漏洞涉及绕过发送者白名单机制，导致未授权用户可向群组发送消息，属于权限判断错误。,GHSA-534W-2VM4-89XR,Moderate,<= 2026.2.23,,CWE-284; CWE-863,https://github.com/openclaw/openclaw/security/advisories/GHSA-534w-2vm4-89xr,Vulnerability Link
43,Unpaired device identity can bypass operator pairing and self-assign operator scopes with shared auth,Authentication & Authorization Decision Stage,漏洞涉及设备身份绕过操作员配对并自分配操作员权限，属于认证和授权判定错误。,GHSA-553V-F69R-656J,Moderate,>= 2026.2.22 <= 2026.2.24,,CWE-863,https://github.com/openclaw/openclaw/security/advisories/GHSA-553v-f69r-656j,Vulnerability Link
44,SSRF in Image Tool Remote Fetch,Resource Access Stage,该漏洞涉及服务器在获取远程图像时未正确限制URL，导致可访问内部资源，属于资源访问阶段的SSRF问题。,GHSA-56F2-HVWG-5743,High,<=2026.2.1,,CWE-918,https://github.com/openclaw/openclaw/security/advisories/GHSA-56f2-hvwg-5743,Vulnerability Link
45,OC-06: Arbitrary file read via $include directive,Resource Access Stage,漏洞通过$include指令导致任意文件读取，属于对文件资源的越权访问。,GHSA-56PC-6HVP-4GV4,High,<=2026.2.15,,CWE-22,https://github.com/openclaw/openclaw/security/advisories/GHSA-56pc-6hvp-4gv4,Vulnerability Link
46,Hook auth rate limiter bypass via IPv4-mapped IPv6 client key variants,Authentication & Authorization Decision Stage,漏洞涉及认证过程中的速率限制绕过，属于身份验证决策阶段的问题。,GHSA-5847-RM3G-23MW,Moderate,<= 2026.2.21-2,,,https://github.com/openclaw/openclaw/security/advisories/GHSA-5847-rm3g-23mw,Vulnerability Link
47,macOS companion app (beta): allowlist parsing mismatch for system.run shell chains,Authentication & Authorization Decision Stage,漏洞涉及allowlist解析不一致，导致授权决策错误，属于权限判断问题。,GHSA-5F9P-F3W2-FWCH,Low,<= 2026.2.21-2,,CWE-184; CWE-285,https://github.com/openclaw/openclaw/security/advisories/GHSA-5f9p-f3w2-fwch,Vulnerability Link
48,Control UI Static File Handler Follows Symlinks and Allows Out-of-Root File Read,Resource Access Stage,漏洞允许通过符号链接读取根目录外的文件，属于对文件资源的越界访问。,GHSA-5GHC-98WH-GWWF,Low,<=2026.2.21-2,,CWE-22; CWE-59,https://github.com/openclaw/openclaw/security/advisories/GHSA-5ghc-98wh-gwwf,Vulnerability Link
49,safeBins static default trusted dirs allow writable-dir binary hijack (`jq`),Resource Access Stage,漏洞涉及对可写目录中的二进制文件（如jq）被劫持，属于对本地资源的非预期访问和篡改。,GHSA-5GJ7-JF77-Q2Q2,Moderate,<= 2026.2.23,,CWE-426; CWE-829,https://github.com/openclaw/openclaw/security/advisories/GHSA-5gj7-jf77-q2q2,Vulnerability Link
50,Shell-env fallback trusted startup env and could execute attacker-influenced login-shell paths,Execution Stage,漏洞涉及执行受攻击者影响的登录 shell 路径，属于命令执行类问题,GHSA-5H2C-8V84-QPVR,Moderate,<=2026.2.21-2,,CWE-15; CWE-78,https://github.com/openclaw/openclaw/security/advisories/GHSA-5h2c-8v84-qpvr,Vulnerability Link
51,BlueBubbles beta plugin webhook auth hardening (remove passwordless fallback),Authentication & Authorization Decision Stage,漏洞涉及认证缺失（CWE-306），在 webhook 调用时缺乏密码验证，属于身份校验缺失问题。,GHSA-5MX2-2MGW-X8RM,Moderate,<=2026.2.19-2,,CWE-306,https://github.com/openclaw/openclaw/security/advisories/GHSA-5mx2-2mgw-x8rm,Vulnerability Link
52,Windows system.run approval mismatch on cmd.exe /c trailing arguments,Authentication & Authorization Decision Stage,漏洞涉及命令执行前的权限审批不匹配，属于授权决策错误,GHSA-5V6X-RFC3-7QFR,Moderate,<=2026.2.19-2,,CWE-88; CWE-863,https://github.com/openclaw/openclaw/security/advisories/GHSA-5v6x-rfc3-7qfr,Vulnerability Link
53,Unsanitized session ID enables path traversal in transcript file operations,Resource Access Stage,漏洞利用未校验的会话ID进行路径遍历，直接导致对文件资源的越权访问。,GHSA-5XFQ-5MR7-426Q,Moderate,<= 2026.2.9,,CWE-22,https://github.com/openclaw/openclaw/security/advisories/GHSA-5xfq-5mr7-426q,Vulnerability Link
54,Runtime /debug override path accepted prototype-reserved keys,Input Ingress Stage,漏洞涉及对输入路径中原型污染键的不当处理，属于外部输入解析和规范化问题。,GHSA-62F6-MRCJ-V8H5,Low,<= 2026.2.19-2,,CWE-1321,https://github.com/openclaw/openclaw/security/advisories/GHSA-62f6-mrcj-v8h5,Vulnerability Link
55,Arbitrary transcript path file write via gateway sessionFile,Resource Access Stage,漏洞允许通过会话文件写入任意路径，属于对文件资源的越权访问和写入。,GHSA-64QX-VPXX-MVQF,High,< 2026.2.12,,CWE-23; CWE-73; CWE-78; CWE-284,https://github.com/openclaw/openclaw/security/advisories/GHSA-64qx-vpxx-mvqf,Vulnerability Link
56,Hook transform path containment missed symlink-resolved escapes,Resource Access Stage,漏洞涉及符号链接解析绕过导致的路径逃逸，属于对文件资源的非预期访问。,GHSA-659F-22XC-98F2,Moderate,<=2026.2.21-2,,CWE-94,https://github.com/openclaw/openclaw/security/advisories/GHSA-659f-22xc-98f2,Vulnerability Link
57,Shell command injection in exec allowlist mode via unquoted heredoc expansion,Execution Stage,漏洞通过未加引号的heredoc扩展在命令执行阶段注入恶意shell命令，直接导致任意代码执行。,GHSA-65RX-FVH6-R4H2,High,<= 2026.2.19-2,CVE-2026-27209,CWE-78; CWE-116; CWE-183,https://github.com/openclaw/openclaw/security/advisories/GHSA-65rx-fvh6-r4h2,Vulnerability Link
58,OpenClaw safeBins file-existence oracle information disclosure,Persistence & Output Presentation Stage,该漏洞通过文件存在性检查导致信息泄露，属于敏感信息在输出或呈现阶段的不当暴露。,GHSA-6C9J-X93C-RW6J,Moderate,<=2026.2.17,,CWE-203,https://github.com/openclaw/openclaw/security/advisories/GHSA-6c9j-x93c-rw6j,Vulnerability Link
59,ACPX Windows wrapper shell fallback allowed cwd injection in specific paths,Execution Stage,CWE-78 表示 OS 命令注入，属于命令执行阶段,GHSA-6F6J-WX9W-FF4J,High,">= 2026.2.26, < 2026.3.1",,CWE-78,https://github.com/openclaw/openclaw/security/advisories/GHSA-6f6j-wx9w-ff4j,Vulnerability Link
60,macOS beta onboarding exposed PKCE verifier via OAuth state,Persistence & Output Presentation Stage,PKCE verifier 通过 OAuth state 参数被暴露，属于敏感信息在输出或返回过程中泄露的问题。,GHSA-6G25-PC82-VFWP,Low,<=2026.2.24,,,https://github.com/openclaw/openclaw/security/advisories/GHSA-6g25-pc82-vfwp,Vulnerability Link
61,OC-07: Session tool visibility hardening and Telegram webhook secret fallback,Persistence & Output Presentation Stage,漏洞涉及敏感信息（如会话工具可见性、Telegram webhook密钥）在输出或持久化过程中未充分保护，导致信息泄露风险。,GHSA-6HF3-MHGC-CM65,High,<=2026.2.14,CVE-2026-27004,CWE-209; CWE-346,https://github.com/openclaw/openclaw/security/advisories/GHSA-6hf3-mhgc-cm65,Vulnerability Link
62,allow-always wrapper persistence could bypass future approvals and enable command execution,Persistence & Output Presentation Stage,漏洞涉及allow-always wrapper的持久化机制，绕过后续审批，属于持久化阶段的安全问题。,GHSA-6J27-PC5C-M8W8,Moderate,<= 2026.2.21-2,,CWE-78; CWE-863,https://github.com/openclaw/openclaw/security/advisories/GHSA-6j27-pc5c-m8w8,Vulnerability Link
63,fetch-guard forwards custom authorization headers across cross-origin redirects,Resource Access Stage,漏洞涉及跨域重定向时错误地携带自定义授权头，导致敏感凭据被发送到非预期的外部资源，属于资源访问控制不当。,GHSA-6MGF-V5J7-45CR,High,<= 2026.3.2,,CWE-116; CWE-184; CWE-522,https://github.com/openclaw/openclaw/security/advisories/GHSA-6mgf-v5j7-45cr,Vulnerability Link
64,system.run shell-wrapper positional argv carriers could execute hidden commands under misleading approval text,Authentication & Authorization Decision Stage,漏洞涉及通过误导性审批文本绕过授权决策，导致未授权命令执行。,GHSA-6RCP-VXWF-3MFP,Moderate,<= 2026.2.23,,CWE-436; CWE-863,https://github.com/openclaw/openclaw/security/advisories/GHSA-6rcp-vxwf-3mfp,Vulnerability Link
65,hooks count non-POST requests toward auth lockout,Authentication & Authorization Decision Stage,漏洞涉及认证失败计数逻辑错误，导致非POST请求也被计入认证锁定，属于认证决策阶段的问题。,GHSA-6RMX-GVVG-VH6J,Moderate,<= 2026.3.2,,CWE-307; CWE-799,https://github.com/openclaw/openclaw/security/advisories/GHSA-6rmx-gvvg-vh6j,Vulnerability Link
66,Node exec approvals could be replayed across nodes,Authentication & Authorization Decision Stage,漏洞涉及执行审批在节点间被重放，核心问题是授权决策阶段未能正确验证请求的合法性与唯一性。,GHSA-6X2M-HQFW-HVPJ,Moderate,<= 2026.2.22-2,,CWE-285; CWE-863,https://github.com/openclaw/openclaw/security/advisories/GHSA-6x2m-hqfw-hvpj,Vulnerability Link
67,ACP resource_link metadata prompt interpolation allowed prompt-injection content via title/URI fields,Execution Stage,漏洞涉及元数据中的提示插值，导致攻击者可通过标题或URI字段注入恶意内容，从而在系统执行提示时触发非预期行为，属于代码或模板执行阶段的问题。,GHSA-74XJ-763F-264W,Moderate,<=2026.2.19-2,CVE-2026-27165,CWE-20; CWE-94,https://github.com/openclaw/openclaw/security/advisories/GHSA-74xj-763f-264w,Vulnerability Link
68,skills-install-download: tar.bz2 extraction bypassed archive safety parity checks (local DoS),Resource Access Stage,漏洞涉及解压归档文件时绕过安全检查，导致对本地资源的不当访问或消耗，属于资源访问阶段的问题。,GHSA-77HF-7FQF-F227,Moderate,<=2026.3.1,,CWE-400; CWE-409,https://github.com/openclaw/openclaw/security/advisories/GHSA-77hf-7fqf-f227,Vulnerability Link
69,Slack integration hardening: prevent channel metadata from influencing system prompts,Execution Stage,漏洞涉及外部输入（channel metadata）影响系统提示，可能导致代码或命令执行，属于解释器或模板执行阶段的问题。,GHSA-782P-5FR5-7FJ8,Low,< 2026.2.3,CVE-2026-24764,CWE-74; CWE-94,https://github.com/openclaw/openclaw/security/advisories/GHSA-782p-5fr5-7fj8,Vulnerability Link
70,"Signal reaction-only status events could, in limited cases, be enqueued before access checks",Authentication & Authorization Decision Stage,漏洞涉及在执行访问控制检查前就将状态事件入队，属于权限判断时机错误。,GHSA-792Q-QW95-F446,Moderate,<= 2026.2.24,,CWE-863,https://github.com/openclaw/openclaw/security/advisories/GHSA-792q-qw95-f446,Vulnerability Link
71,exec allowlist/safeBins policy-runtime mismatch via env -S wrapper interpretation,Execution Stage,漏洞涉及通过环境变量绕过执行白名单限制，直接导致未授权命令执行,GHSA-796M-2973-WC5Q,High,<= 2026.2.22-2,,CWE-436,https://github.com/openclaw/openclaw/security/advisories/GHSA-796m-2973-wc5q,Vulnerability Link
72,macOS optional allowlist basename matching could bypass path-based policy,Resource Access Stage,漏洞涉及路径匹配绕过导致访问控制失效，属于资源访问阶段的越权访问问题。,GHSA-7F4Q-9RQH-X36P,Moderate,<=2026.2.21-2,,CWE-863,https://github.com/openclaw/openclaw/security/advisories/GHSA-7f4q-9rqh-x36p,Vulnerability Link
73,Command injection via Windows shell fallback in Lobster tool execution,Execution Stage,漏洞涉及通过命令注入在工具执行阶段直接执行任意系统命令,GHSA-7FCC-CW49-XM78,Moderate,<= 2026.2.17,,CWE-78,https://github.com/openclaw/openclaw/security/advisories/GHSA-7fcc-cw49-xm78,Vulnerability Link
74,non-default autoAllowSkills setting could bypass on-miss exec prompt,Authentication & Authorization Decision Stage,漏洞涉及权限判断错误，导致非默认配置下可绕过执行提示，属于授权决策阶段的问题。,GHSA-7FF8-XJH3-MGH6,Moderate,<=2026.2.22-2,,CWE-266; CWE-863,https://github.com/openclaw/openclaw/security/advisories/GHSA-7ff8-xjh3-mgh6,Vulnerability Link
75,ACP permission auto-approval bypass via untrusted tool metadata,Authentication & Authorization Decision Stage,漏洞涉及权限自动批准绕过，核心问题在于授权决策阶段未正确验证工具元数据的可信性。,GHSA-7JX5-9FJG-HP4M,Moderate,<= 2026.2.22-2,,,https://github.com/openclaw/openclaw/security/advisories/GHSA-7jx5-9fjg-hp4m,Vulnerability Link
76,OpenClaw macOS deep link confirmation truncation can conceal executed agent message,Persistence & Output Presentation Stage,漏洞涉及向用户展示的确认消息被截断，导致恶意操作被隐藏，属于输出展示不当引发的安全问题。,GHSA-7Q2J-C4Q5-RM27,High,">= 2026.2.6-0, <= 2026.2.13",CVE-2026-26320,CWE-451,https://github.com/openclaw/openclaw/security/advisories/GHSA-7q2j-c4q5-rm27,Vulnerability Link
77,Microsoft Teams media fetch SSRF hardening: unified guarded fetch across Graph and attachment paths,Resource Access Stage,漏洞涉及服务器端请求伪造（SSRF），属于系统在访问外部资源时未正确验证目标地址，导致可访问非预期内部或外部资源。,GHSA-7QF6-H84J-8FQ4,Moderate,<=2026.2.25,,CWE-367; CWE-918,https://github.com/openclaw/openclaw/security/advisories/GHSA-7qf6-h84j-8fq4,Vulnerability Link
78,Chutes manual OAuth state validation bypass can cause credential substitution,Authentication & Authorization Decision Stage,漏洞涉及OAuth状态验证绕过，直接导致身份认证和授权决策被破坏,GHSA-7RCP-MXPQ-72PJ,Moderate,<= 2026.2.13,,CWE-352,https://github.com/openclaw/openclaw/security/advisories/GHSA-7rcp-mxpq-72pj,Vulnerability Link
79,MS Teams inbound attachment downloader leaks bearer tokens to allowlisted suffix domains,Persistence & Output Presentation Stage,漏洞导致 bearer tokens 在输出或请求过程中被泄露到允许的域名，属于敏感信息在传输或展示阶段的暴露。,GHSA-7VWX-582J-J332,High,<= 2026.1.30,,CWE-201,https://github.com/openclaw/openclaw/security/advisories/GHSA-7vwx-582j-j332,Vulnerability Link
80,Hook transform module path allows traversal and arbitrary JavaScript module loading,Resource Access Stage,漏洞涉及路径遍历导致任意JavaScript模块加载，属于对文件系统资源的越界访问。,GHSA-7XHJ-55Q9-PC3M,Moderate,>= 2.0.0-beta3 and <= 2026.2.13,,CWE-22,https://github.com/openclaw/openclaw/security/advisories/GHSA-7xhj-55q9-pc3m,Vulnerability Link
81,Sandbox media TOCTOU could read files outside sandbox root,Resource Access Stage,漏洞利用TOCTOU竞争条件绕过沙箱限制，直接访问了沙箱外的文件资源,GHSA-7XMQ-G46G-F8PV,Moderate,<= 2026.2.26,,CWE-59; CWE-367,https://github.com/openclaw/openclaw/security/advisories/GHSA-7xmq-g46g-f8pv,Vulnerability Link
82,Skill env override host env injection,Execution Stage,漏洞涉及环境变量注入导致代码或命令执行，属于解释器或执行上下文被恶意操控,GHSA-82G8-464F-2MV7,Moderate,<= 2026.2.19-2,,CWE-15; CWE-94; CWE-1341,https://github.com/openclaw/openclaw/security/advisories/GHSA-82g8-464f-2mv7,Vulnerability Link
83,SSRF guard bypass via IPv6 transition over ISATAP,Resource Access Stage,该漏洞涉及服务器端请求伪造（SSRF），允许攻击者绕过防护机制访问内部资源，属于系统在访问网络资源时的控制失效。,GHSA-8CP7-RP8R-MG77,Moderate,>=2026.1.20 <=2026.2.17,,CWE-918,https://github.com/openclaw/openclaw/security/advisories/GHSA-8cp7-rp8r-mg77,Vulnerability Link
84,Config env vars allowed startup env injection into service runtime,Input Ingress Stage,环境变量作为外部输入在系统启动时被注入并影响运行时行为，属于输入解析与规范化阶段的问题。,GHSA-8FMP-37RC-P5G7,Moderate,<=2026.2.19-2 || =2026.2.19,,CWE-15,https://github.com/openclaw/openclaw/security/advisories/GHSA-8fmp-37rc-p5g7,Vulnerability Link
85,/api/channels gateway-auth boundary bypass via path canonicalization mismatch,Authentication & Authorization Decision Stage,漏洞通过路径规范化不一致绕过了网关认证边界，直接导致认证或授权决策失效。,GHSA-8J2W-6FMM-M587,Moderate,<= 2026.2.25,,CWE-288,https://github.com/openclaw/openclaw/security/advisories/GHSA-8j2w-6fmm-m587,Vulnerability Link
86,DUPLICATE of GHSA-3c6h-g97w-fg78: safeBins denied flags can be bypassed via GNU long-option abbreviations,Authentication & Authorization Decision Stage,漏洞涉及通过选项缩写绕过安全标志的权限限制，属于授权判定被绕过的问题。,GHSA-3C6H-G97W-FG78,Moderate,<= 2026.2.22-2,,CWE-184,https://github.com/openclaw/openclaw/security/advisories/GHSA-8j9w-9pm5-pv8m,Vulnerability Link
87,Local file disclosure via sendMediaFeishu in Feishu extension,Resource Access Stage,漏洞涉及通过sendMediaFeishu功能读取任意本地文件，属于对文件资源的越权访问。,GHSA-8JPQ-5H99-FF5R,High,< 2026.2.14,CVE-2026-26321,CWE-22,https://github.com/openclaw/openclaw/security/advisories/GHSA-8jpq-5h99-ff5r,Vulnerability Link
88,Unauthorized sender bypass in stop triggers and /models command authorization,Authentication & Authorization Decision Stage,漏洞涉及未授权用户绕过发送者身份验证，直接违反了权限判断逻辑。,GHSA-8M9V-XPGF-G99M,Moderate,<= 2026.2.26,,CWE-863,https://github.com/openclaw/openclaw/security/advisories/GHSA-8m9v-xpgf-g99m,Vulnerability Link
89,tools.exec.safeBins generic fallback allowed interpreter-style inline payload execution in allowlist mode,Execution Stage,漏洞允许在白名单模式下执行解释器风格的内联载荷，直接导致命令注入和代码执行。,GHSA-8MF7-VV8W-HJR2,Low,<= 2026.2.21-2,,CWE-78; CWE-693,https://github.com/openclaw/openclaw/security/advisories/GHSA-8mf7-vv8w-hjr2,Vulnerability Link
90,skills.status could leak secrets to operator.read clients,Persistence & Output Presentation Stage,漏洞导致敏感信息通过状态接口泄露给低权限用户，属于输出展示不当造成的信息暴露。,GHSA-8MH7-PHF8-XGFM,Moderate,<= 2026.2.13,CVE-2026-26326,CWE-200,https://github.com/openclaw/openclaw/security/advisories/GHSA-8mh7-phf8-xgfm,Vulnerability Link
91,web tools strict URL guard could lose DNS pinning when env proxy is configured,Resource Access Stage,漏洞涉及DNS pinning丢失，导致SSRF（CWE-918）和TOCTOU（CWE-367）问题，核心在于对网络资源的不安全访问。,GHSA-8MVX-P2R9-R375,High,<= 2026.3.1,,CWE-367; CWE-918,https://github.com/openclaw/openclaw/security/advisories/GHSA-8mvx-p2r9-r375,Vulnerability Link
92,OC-02: Gateway /tools/invoke tool escalation + ACP permission auto-approval,Authentication & Authorization Decision Stage,漏洞涉及权限自动批准和权限提升，核心问题是授权决策缺失或错误。,GHSA-943Q-MWMV-HHVH,High,<2026.2.14,,CWE-78,https://github.com/openclaw/openclaw/security/advisories/GHSA-943q-mwmv-hhvh,Vulnerability Link
93,system.run allowlist bypass via shell line-continuation command substitution,Execution Stage,漏洞通过命令注入绕过allowlist执行任意命令，属于命令执行阶段。,GHSA-9868-VXMX-W862,Moderate,<=2026.2.21-2,,CWE-78; CWE-863,https://github.com/openclaw/openclaw/security/advisories/GHSA-9868-vxmx-w862,Vulnerability Link
94,Native prompt image auto-load did not honor tools.fs.workspaceOnly in sandboxed runs,Resource Access Stage,漏洞涉及未正确限制文件系统访问范围，导致在沙箱环境中可能访问非工作区资源，属于资源访问控制失效。,GHSA-9F72-QCPW-2HXC,High,<= 2026.2.23,,CWE-200; CWE-284,https://github.com/openclaw/openclaw/security/advisories/GHSA-9f72-qcpw-2hxc,Vulnerability Link
95,Agent avatar symlink traversal in gateway session metadata,Resource Access Stage,漏洞涉及符号链接遍历，导致非授权访问文件系统资源,GHSA-9MPH-4F7V-FMVH,Moderate,<= 2026.2.21-2,,,https://github.com/openclaw/openclaw/security/advisories/GHSA-9mph-4f7v-fmvh,Vulnerability Link
96,macOS `system.run` allowlist bypass via quoted command substitution,Execution Stage,漏洞涉及通过命令替换绕过allowlist执行任意命令，属于命令注入导致的代码执行问题。,GHSA-9P38-94JF-HGJJ,Moderate,<=2026.2.21-2,,CWE-78,https://github.com/openclaw/openclaw/security/advisories/GHSA-9p38-94jf-hgjj,Vulnerability Link
97,system.run allow-always persistence included shell-commented payload tails,Persistence & Output Presentation Stage,漏洞涉及持久化配置中包含被注释的恶意载荷，属于存储型问题导致的安全风险。,GHSA-9Q2P-VC84-2RWM,Moderate,<= 2026.3.2,,CWE-436; CWE-863,https://github.com/openclaw/openclaw/security/advisories/GHSA-9q2p-vc84-2rwm,Vulnerability Link
98,Sandboxed /acp spawn requests could initialize host ACP sessions,Authentication & Authorization Decision Stage,漏洞涉及沙箱中对主机ACP会话的未授权初始化，属于权限控制和认证决策失效问题。,GHSA-9Q36-67VC-RRWG,Moderate,<= 2026.3.2,,CWE-284; CWE-693,https://github.com/openclaw/openclaw/security/advisories/GHSA-9q36-67vc-rrwg,Vulnerability Link
99,Twilio voice-call webhook auth bypass when ngrok loopback compatibility is enabled,Authentication & Authorization Decision Stage,漏洞涉及身份验证绕过，属于认证与授权决策阶段的问题。,GHSA-C37P-4QQG-3P76,Moderate,<=2026.2.13,,CWE-306,https://github.com/openclaw/openclaw/security/advisories/GHSA-c37p-4qqg-3p76,Vulnerability Link
100,ReDoS and regex injection via unescaped Feishu mention metadata in RegExp construction,Execution Stage,漏洞源于在构造正则表达式时未转义用户输入，导致正则注入和ReDoS，属于执行阶段的危险模式执行问题。,GHSA-C6HR-W26Q-C636,Moderate,<= 2026.2.17,,CWE-1333,https://github.com/openclaw/openclaw/security/advisories/GHSA-c6hr-w26q-c636,Vulnerability Link
101,Dispatch-wrapper depth-cap mismatch can bypass shell-wrapper approval gating in system.run allowlist mode,Authentication & Authorization Decision Stage,漏洞涉及绕过系统运行命令的审批门控机制，属于权限判断和授权控制失效。,GHSA-CCG8-46R6-9QGJ,Moderate,<= 2026.2.23,,CWE-284; CWE-863,https://github.com/openclaw/openclaw/security/advisories/GHSA-ccg8-46r6-9qgj,Vulnerability Link
102,stageSandboxMedia destination symlink traversal can overwrite files outside sandbox workspace,Resource Access Stage,漏洞涉及符号链接遍历导致越权访问并覆盖沙箱外的文件，属于资源访问控制失效。,GHSA-CFVJ-7RX7-FC7C,Moderate,<= 2026.3.1,,CWE-59,https://github.com/openclaw/openclaw/security/advisories/GHSA-cfvj-7rx7-fc7c,Vulnerability Link
103,OC-17: Telegram bot token exposure via logs,Persistence & Output Presentation Stage,漏洞因日志中暴露敏感信息（Telegram bot token）导致，属于输出或持久化过程中敏感数据泄露问题。,GHSA-CHF7-JQ6G-QRWV,Moderate,<= 2026.2.14,CVE-2026-27003,CWE-522,https://github.com/openclaw/openclaw/security/advisories/GHSA-chf7-jq6g-qrwv,Vulnerability Link
104,Google Chat spoofing access with allowlist authorized mutable email principal despite sender-ID mismatch,Authentication & Authorization Decision Stage,漏洞涉及授权主体与发送者身份不匹配时仍被允许访问，属于权限判断错误。,GHSA-CHM2-M3W2-WCXM,Low,<=2026.1.24-3,,CWE-290; CWE-863,https://github.com/openclaw/openclaw/security/advisories/GHSA-chm2-m3w2-wcxm,Vulnerability Link
105,Canvas route hardening for mixed-trust deployments,Persistence & Output Presentation Stage,漏洞涉及输出内容未正确处理，导致XSS（CWE-79）和不安全的iframe嵌入（CWE-1021），属于输出展示不当引发的安全问题。,GHSA-CJV3-M589-V3RX,Moderate,<= 2026.2.19-2,,CWE-79; CWE-1021,https://github.com/openclaw/openclaw/security/advisories/GHSA-cjv3-m589-v3rx,Vulnerability Link
106,Path traversal in browser upload allows local file read,Resource Access Stage,漏洞允许通过路径遍历读取本地文件，属于对文件资源的越界访问。,GHSA-CV7M-C9JX-VG7Q,High,<2026.2.14,CVE-2026-26329,CWE-22,https://github.com/openclaw/openclaw/security/advisories/GHSA-cv7m-c9jx-vg7q,Vulnerability Link
107,OC-53: ACP prompt-size checks missing in local stdio bridge could reduce responsiveness with very large inputs,Input Ingress Stage,漏洞源于未对输入大小进行校验，导致系统在处理超大输入时响应性下降，属于输入解析和校验缺失问题。,GHSA-CXPW-2G23-2VGW,Low,<=2026.2.17,CVE-2026-27576,CWE-20; CWE-400,https://github.com/openclaw/openclaw/security/advisories/GHSA-cxpw-2g23-2vgw,Vulnerability Link
108,Elevated allowFrom matching tightened for sender-scoped authorization,Authentication & Authorization Decision Stage,漏洞涉及 sender-scoped 授权中的 allowFrom 匹配逻辑，属于权限判断错误导致的认证授权绕过问题。,GHSA-F6H3-846H-2R8W,Moderate,<= 2026.2.21-2,,CWE-639,https://github.com/openclaw/openclaw/security/advisories/GHSA-f6h3-846h-2r8w,Vulnerability Link
109,Node system.run approval bypass via parent-symlink cwd rebind,Resource Access Stage,漏洞利用符号链接导致工作目录重绑定，从而访问非预期资源，属于资源访问阶段的路径遍历或资源绑定错误。,GHSA-F7WW-2725-QVW2,Moderate,<= 2026.2.25,,CWE-59; CWE-367,https://github.com/openclaw/openclaw/security/advisories/GHSA-f7ww-2725-qvw2,Vulnerability Link
110,Shell env fallback trusts unvalidated SHELL path from host environment,Execution Stage,漏洞涉及未验证的SHELL环境变量路径被用于执行命令，属于命令注入类问题，直接导致任意代码执行。,GHSA-F8MP-VJ46-CQ8V,Moderate,<= 2026.2.21-2,,CWE-78; CWE-426,https://github.com/openclaw/openclaw/security/advisories/GHSA-f8mp-vj46-cq8v,Vulnerability Link
111,Plugin runtime command execution is part of trusted plugin boundary,Execution Stage,CWE-78 表示操作系统命令注入，属于命令执行阶段,GHSA-FF98-W8HJ-QRXF,Low,<= 2026.2.17,,CWE-78,https://github.com/openclaw/openclaw/security/advisories/GHSA-ff98-w8hj-qrxf,Vulnerability Link
112,Windows Lobster shell fallback command injection in constrained fallback path,Execution Stage,该漏洞涉及命令注入（CWE-78），直接导致系统在执行阶段运行了非预期的命令。,GHSA-FG3M-VHRR-8GJ6,Low,>= 2026.1.21 <= 2026.2.17,,CWE-78,https://github.com/openclaw/openclaw/security/advisories/GHSA-fg3m-vhrr-8gj6,Vulnerability Link
113,Gateway agents.files symlink escape allowed out-of-workspace file read/write,Resource Access Stage,漏洞涉及符号链接逃逸导致工作区外的文件被读写，属于资源访问控制失效。,GHSA-FGVX-58P6-GJWC,Moderate,<= 2026.2.24,,CWE-22; CWE-59,https://github.com/openclaw/openclaw/security/advisories/GHSA-fgvx-58p6-gjwc,Vulnerability Link
114,Replace deprecated sandbox hash algorithm,Execution Stage,沙箱哈希算法过时可能导致沙箱逃逸，属于执行阶段的安全问题,GHSA-FH3F-Q9QW-93J9,Moderate,<=2026.2.14,,,https://github.com/openclaw/openclaw/security/advisories/GHSA-fh3f-q9qw-93j9,Vulnerability Link
115,Potential access-group authorization bypass if channel type lookup fails,Authentication & Authorization Decision Stage,漏洞涉及授权绕过，核心问题在于权限判断失效,GHSA-FHVM-J76F-QMJV,High,<= 2026.1.30,,CWE-285,https://github.com/openclaw/openclaw/security/advisories/GHSA-fhvm-j76f-qmjv,Vulnerability Link
116,Message action attachment hydration bypasses local media root checks when sandboxRoot is unset,Resource Access Stage,漏洞绕过本地媒体根目录检查，导致可访问任意文件，属于资源访问控制失效。,GHSA-FQCM-97M6-W7RM,Moderate,<= 2026.2.23,,CWE-22; CWE-200,https://github.com/openclaw/openclaw/security/advisories/GHSA-fqcm-97m6-w7rm,Vulnerability Link
117,OpenClaw log poisoning (indirect prompt injection) via WebSocket headers,Input Ingress Stage,漏洞通过WebSocket头注入恶意输入，影响日志内容，属于外部输入进入系统时未正确处理。,GHSA-G27F-9QJV-22PM,Low,<= 2026.2.12,,CWE-117,https://github.com/openclaw/openclaw/security/advisories/GHSA-g27f-9qjv-22pm,Vulnerability Link
118,"iMessage group allowlist authorization inherited DM pairing-store identities, enabling cross-context command authorization",Authentication & Authorization Decision Stage,漏洞涉及授权机制错误，导致跨上下文命令授权，属于权限判断和身份验证阶段的问题。,GHSA-G34W-4XQQ-H79M,Moderate,<=2026.1.24-3,CVE-2026-26328,CWE-284; CWE-863,https://github.com/openclaw/openclaw/security/advisories/GHSA-g34w-4xqq-h79m,Vulnerability Link
119,Unauthenticated Local RCE via WebSocket config.apply,Execution Stage,漏洞核心是未经认证的本地远程代码执行（RCE），直接涉及命令注入和危险函数执行。,GHSA-G55J-C2V4-PJCG,High,< 2026.1.20,CVE-2026-25593,CWE-20; CWE-78; CWE-306,https://github.com/openclaw/openclaw/security/advisories/GHSA-g55j-c2v4-pjcg,Vulnerability Link
120,Gateway tool allowed unrestricted gatewayUrl override,Resource Access Stage,漏洞允许通过不受限的gatewayUrl覆盖发起任意后端请求，属于服务端请求伪造（SSRF），直接导致对内部资源的非授权访问。,GHSA-G6Q9-8FVW-F7RF,High,<=2026.2.13,CVE-2026-26322,CWE-918,https://github.com/openclaw/openclaw/security/advisories/GHSA-g6q9-8fvw-f7rf,Vulnerability Link
121,`tools.exec.safeBins` PATH-hijack allowed trojan binaries to bypass allowlist checks,Execution Stage,漏洞涉及执行阶段的二进制文件劫持，绕过允许列表检查导致非预期代码执行。,GHSA-G75X-8QQM-2VXP,Moderate,>=2026.1.21 <2026.2.18,,CWE-426; CWE-863,https://github.com/openclaw/openclaw/security/advisories/GHSA-g75x-8qqm-2vxp,Vulnerability Link
122,1-Click RCE via Authentication Token Exfiltration From gatewayUrl,Authentication & Authorization Decision Stage,漏洞通过从 gatewayUrl 泄露认证令牌，直接绕过身份验证，属于认证阶段的问题。,GHSA-G8P2-7WF7-98MQ,High,<=v2026.1.28,,CWE-200,https://github.com/openclaw/openclaw/security/advisories/GHSA-g8p2-7wf7-98mq,Vulnerability Link
123,web_search citation redirect SSRF via private-network-allowing policy,Resource Access Stage,该漏洞涉及服务器端请求伪造（SSRF），允许攻击者通过重定向访问内部私有网络资源，属于系统在访问外部或内部资源时未正确限制目标地址的问题。,GHSA-G99V-8HWM-G76G,Moderate,<= 2026.2.26,,CWE-918,https://github.com/openclaw/openclaw/security/advisories/GHSA-g99v-8hwm-g76g,Vulnerability Link
124,voice-call Twilio replay dedupe now bound to authenticated webhook identity,Authentication & Authorization Decision Stage,漏洞涉及身份验证缺失（CWE-294）和认证绕过，核心问题在于未正确验证Webhook请求的身份。,GHSA-GCJ7-R3HG-M7W6,Low,<=2026.2.25,,CWE-294; CWE-345,https://github.com/openclaw/openclaw/security/advisories/GHSA-gcj7-r3hg-m7w6,Vulnerability Link
125,LINE group allowlist scope mismatch with DM pairing-store entries,Authentication & Authorization Decision Stage,CWE-863 表示授权验证不正确，漏洞核心在于权限判断错误导致作用域不匹配,GHSA-GP3Q-WPQ4-5C5H,High,<= 2026.2.25,,CWE-863,https://github.com/openclaw/openclaw/security/advisories/GHSA-gp3q-wpq4-5c5h,Vulnerability Link
126,Serialize sandbox registry writes to prevent races and delete-rollback corruption,Persistence & Output Presentation Stage,漏洞涉及序列化写入沙箱注册表，防止并发写入导致的数据损坏或回滚问题，属于数据持久化阶段的竞态条件。,GHSA-GQ83-8Q7Q-9HFX,Moderate,<=2026.2.17,,,https://github.com/openclaw/openclaw/security/advisories/GHSA-gq83-8q7q-9hfx,Vulnerability Link
127,Path traversal in browser trace/download output paths may allow arbitrary file writes outside OpenClaw temp directories,Resource Access Stage,漏洞涉及路径遍历导致任意文件写入，属于对文件资源的越界访问。,GHSA-GQ9C-WG68-GWJ2,High,< 2026.2.13,,CWE-22,https://github.com/openclaw/openclaw/security/advisories/GHSA-gq9c-wg68-gwj2,Vulnerability Link
128,Remote Code Execution via Node Invoke Approval Bypass in Gateway,Authentication & Authorization Decision Stage,漏洞核心在于绕过审批（approval bypass），属于权限判断缺失导致的越权执行。,GHSA-GV46-4XFQ-JV58,Critical,< 2026.2.14,,CWE-20; CWE-441; CWE-863,https://github.com/openclaw/openclaw/security/advisories/GHSA-gv46-4xfq-jv58,Vulnerability Link
129,"Synology Chat dmPolicy=allowlist failed open on empty allowedUserIds, allowing unauthorized agent dispatch",Authentication & Authorization Decision Stage,漏洞核心在于权限判断逻辑错误，导致未授权用户可被允许执行操作,GHSA-GW85-XP4Q-5GP9,Moderate,">= 2026.2.22, <= 2026.2.23",,CWE-284; CWE-863,https://github.com/openclaw/openclaw/security/advisories/GHSA-gw85-xp4q-5gp9,Vulnerability Link
130,exec allow-always can be bypassed via unrecognized multiplexer shell wrappers (busybox/toybox sh -c),Authentication & Authorization Decision Stage,漏洞涉及 exec allow-always 策略的绕过，属于权限控制失效问题,GHSA-GWQP-86Q6-W47G,Moderate,<= 2026.2.22-2,,CWE-184,https://github.com/openclaw/openclaw/security/advisories/GHSA-gwqp-86q6-w47g,Vulnerability Link
131,Node host system.run rawCommand/command mismatch can bypass allowlist/approvals,Authentication & Authorization Decision Stage,漏洞涉及绕过命令白名单和审批机制，属于权限判断和授权控制失效。,GHSA-H3F9-MJWJ-W476,High,<= 2026.2.13,CVE-2026-26325,,https://github.com/openclaw/openclaw/security/advisories/GHSA-h3f9-mjwj-w476,Vulnerability Link
132,Node system.run approval hardening wrapper semantic drift can execute unintended local scripts,Execution Stage,漏洞涉及system.run执行未经预期的本地脚本，属于命令或脚本执行阶段,GHSA-H3RM-6X7G-882F,Moderate,2026.3.1,,CWE-88,https://github.com/openclaw/openclaw/security/advisories/GHSA-h3rm-6x7g-882f,Vulnerability Link
133,Telegram: Unauthorized Senders Trigger Media Download and Disk Write Before Access Check,Resource Access Stage,漏洞在权限检查前就触发了媒体下载和磁盘写入，属于资源访问阶段的越权操作。,GHSA-H656-5VCF-CM23,Moderate,2026.2.23,,CWE-284; CWE-404; CWE-406; CWE-770,https://github.com/openclaw/openclaw/security/advisories/GHSA-h656-5vcf-cm23,Vulnerability Link
134,Harden skill download target directory validation,Resource Access Stage,漏洞涉及技能下载目标目录的验证不足，可能导致任意文件写入或路径穿越，属于资源访问阶段的问题。,GHSA-H7F7-89MM-PQH6,Moderate,<=2026.2.14,CVE-2026-27008,,https://github.com/openclaw/openclaw/security/advisories/GHSA-h7f7-89mm-pqh6,Vulnerability Link
135,Denial of service through unguarded archive extraction allowing high expansion/resource abuse (ZIP/TAR),Execution Stage,漏洞源于在解压归档文件时未限制资源消耗，直接导致系统执行阶段的高资源占用和拒绝服务。,GHSA-H89V-J3X9-8WQJ,Moderate,<=2026.2.13,,CWE-400,https://github.com/openclaw/openclaw/security/advisories/GHSA-h89v-j3x9-8wqj,Vulnerability Link
136,IPv6 multicast SSRF classifier bypass,Resource Access Stage,该漏洞涉及服务器端请求伪造（SSRF），属于系统在访问网络资源时未正确校验目标地址，导致可访问非预期资源。,GHSA-H97F-6PQJ-Q452,Low,<= 2026.2.24,,CWE-918,https://github.com/openclaw/openclaw/security/advisories/GHSA-h97f-6pqj-q452,Vulnerability Link
137,Authentication bypass in sandbox browser bridge server,Authentication & Authorization Decision Stage,漏洞涉及认证绕过，属于身份校验缺失问题,GHSA-H9G4-589H-68XV,High,>=2026.1.29-beta.1 <2026.2.14,,CWE-306,https://github.com/openclaw/openclaw/security/advisories/GHSA-h9g4-589h-68xv,Vulnerability Link
138,Experimental apply_patch may bypass workspace-only checks in opt-in sandbox mounts (off by default),Authentication & Authorization Decision Stage,漏洞涉及绕过工作区限制检查，属于权限判断缺失或授权控制不当的问题。,GHSA-H9XM-J4QG-FVPG,Moderate,<= 2026.2.22-2,,CWE-284; CWE-863,https://github.com/openclaw/openclaw/security/advisories/GHSA-h9xm-j4qg-fvpg,Vulnerability Link
139,Gateway tokenless Tailscale auth applied to HTTP routes,Authentication & Authorization Decision Stage,漏洞涉及在未提供有效令牌的情况下错误地应用了Tailscale认证，属于身份验证和授权决策阶段的问题。,GHSA-HFF7-CCV5-52F8,Moderate,<=2026.2.19-2,,CWE-290,https://github.com/openclaw/openclaw/security/advisories/GHSA-hff7-ccv5-52f8,Vulnerability Link
140,`operator.write` chat.send could reach admin-only config writes,Authentication & Authorization Decision Stage,漏洞允许普通用户通过operator.write访问仅限管理员的配置写入，属于权限判断缺失导致的越权问题。,GHSA-HFPR-JHPQ-X4RM,Moderate,<= 2026.3.2,,CWE-863,https://github.com/openclaw/openclaw/security/advisories/GHSA-hfpr-jhpq-x4rm,Vulnerability Link
141,Node system.run approval context-binding weakness in approval-enabled host=node flows,Authentication & Authorization Decision Stage,漏洞涉及审批上下文绑定缺陷，导致授权决策错误,GHSA-HJVP-QHM6-WRH2,Moderate,<= 2026.2.25,,CWE-15; CWE-863,https://github.com/openclaw/openclaw/security/advisories/GHSA-hjvp-qhm6-wrh2,Vulnerability Link
142,Hook Session Key Override Enables Targeted Cross-Session Routing,Authentication & Authorization Decision Stage,漏洞涉及会话密钥被覆盖，导致跨会话路由，属于身份或权限判断错误。,GHSA-HV93-R4J3-Q65F,High,">= 2.0.0-beta3, < 2026.2.12",,CWE-330; CWE-639,https://github.com/openclaw/openclaw/security/advisories/GHSA-hv93-r4j3-q65f,Vulnerability Link
143,system.run approval identity mismatch could execute a different binary than displayed,Authentication & Authorization Decision Stage,漏洞核心在于授权决策时身份与执行二进制不匹配，属于权限判断错误。,GHSA-HWPQ-RRPF-PGCQ,High,<=2026.2.24,,CWE-436; CWE-863,https://github.com/openclaw/openclaw/security/advisories/GHSA-hwpq-rrpf-pgcq,Vulnerability Link
144,MS Teams fileConsent/invoke missing conversation binding allowed cross-conversation pending-upload consumption,Authentication & Authorization Decision Stage,漏洞核心在于缺少会话绑定校验，导致跨会话越权访问待上传文件，属于权限判断缺失。,GHSA-J26J-7QC4-3MRF,Moderate,<= 2026.2.24,,CWE-639; CWE-862,https://github.com/openclaw/openclaw/security/advisories/GHSA-j26j-7qc4-3mrf,Vulnerability Link
145,Denial of service via unbounded URL-backed media fetch,Resource Access Stage,漏洞涉及无限制地获取URL指向的外部媒体资源，导致资源耗尽，属于系统在访问外部资源时缺乏限制的问题。,GHSA-J27P-HQ53-9WGC,High,<2026.2.14,,CWE-400,https://github.com/openclaw/openclaw/security/advisories/GHSA-j27p-hq53-9wgc,Vulnerability Link
146,`system.run` env override filtering allowed dangerous helper-command pivots,Execution Stage,漏洞涉及对危险命令的执行控制被绕过，属于命令执行阶段的问题。,GHSA-J425-WHC4-4JGC,Moderate,<= 2026.3.2,,CWE-15; CWE-693,https://github.com/openclaw/openclaw/security/advisories/GHSA-j425-whc4-4jgc,Vulnerability Link
147,Feishu allowFrom authorization bypass via display-name collision,Authentication & Authorization Decision Stage,漏洞涉及授权绕过，因display-name冲突导致allowFrom机制失效，属于权限判断错误。,GHSA-J4XF-96QF-RX69,Moderate,<= 2026.2.21-2,,CWE-639; CWE-863,https://github.com/openclaw/openclaw/security/advisories/GHSA-j4xf-96qf-rx69,Vulnerability Link
148,OC-31: Process Safety - Unvalidated PID Kill via SIGKILL in Process Cleanup,Resource Access Stage,漏洞涉及未验证的PID导致可向任意进程发送SIGKILL信号，属于对系统资源（进程）的非法访问和操作。,GHSA-JFV4-H8MC-JCP8,Low,< 2026.2.14,CVE-2026-27486,CWE-283,https://github.com/openclaw/openclaw/security/advisories/GHSA-jfv4-h8mc-jcp8,Vulnerability Link
149,Exec allowlist wrapper analysis did not unwrap env/shell dispatch chains,Execution Stage,漏洞涉及命令执行允许列表绕过，直接导致任意命令执行，属于执行阶段问题。,GHSA-JJ82-76V6-933R,Moderate,<= 2026.2.21-2,,CWE-78; CWE-863,https://github.com/openclaw/openclaw/security/advisories/GHSA-jj82-76v6-933r,Vulnerability Link
150,Local File Exfiltration via MCP Tool Result MEDIA: Directive Injection,Resource Access Stage,漏洞涉及通过MCP工具结果中的MEDIA指令注入导致本地文件被读取，属于对文件资源的越权访问。,GHSA-JJGJ-CPP9-CVPV,Moderate,<= 2026.2.19-2,,CWE-22; CWE-200,https://github.com/openclaw/openclaw/security/advisories/GHSA-jjgj-cpp9-cvpv,Vulnerability Link
151,Non-constant-time token comparison in hooks authentication,Authentication & Authorization Decision Stage,漏洞涉及认证过程中令牌比较未采用恒定时间，可能导致时序攻击绕过认证,GHSA-JMM5-FVH5-GF4P,Moderate,< 2026.2.12,,CWE-208,https://github.com/openclaw/openclaw/security/advisories/GHSA-jmm5-fvh5-gf4p,Vulnerability Link
152,Browser-origin WebSocket auth hardening gap could enable loopback password brute-force chains,Authentication & Authorization Decision Stage,漏洞涉及认证机制缺陷，可能导致绕过或弱化认证，属于身份验证与授权决策阶段的问题。,GHSA-JMMG-JQC7-5QF4,High,<=2026.2.24,,CWE-287; CWE-307; CWE-346,https://github.com/openclaw/openclaw/security/advisories/GHSA-jmmg-jqc7-5qf4,Vulnerability Link
153,ZDI-CAN-29312: OpenClaw Canvas Path Traversal Information Disclosure Vulnerability,Resource Access Stage,路径遍历导致非授权访问文件资源，属于资源访问阶段的问题。,GHSA-JQ4X-98M3-GGQ6,Moderate,<= 2026.2.19-2,,CWE-22,https://github.com/openclaw/openclaw/security/advisories/GHSA-jq4x-98m3-ggq6,Vulnerability Link
154,Command hijacking via unsafe PATH handling (bootstrapping + node-host PATH overrides),Execution Stage,漏洞通过不安全的PATH处理导致命令执行，属于命令注入类问题，直接触发恶意代码执行。,GHSA-JQPQ-MGVM-F9R6,High,< 2026.2.14,,CWE-78; CWE-427; CWE-807,https://github.com/openclaw/openclaw/security/advisories/GHSA-jqpq-mgvm-f9r6,Vulnerability Link
155,Authorization mismatch allowed write-scope agent runs to reach owner-only tools,Authentication & Authorization Decision Stage,漏洞核心在于权限判断错误，导致本应仅限所有者使用的工具被写权限的代理执行,GHSA-JR6X-2Q95-FH2G,High,<= 2026.2.26,,CWE-269; CWE-863,https://github.com/openclaw/openclaw/security/advisories/GHSA-jr6x-2q95-fh2g,Vulnerability Link
156,SSRF guard bypass via full-form IPv4-mapped IPv6 (loopback / metadata reachable),Resource Access Stage,该漏洞允许攻击者通过绕过SSRF防护机制，访问本应受限的内部资源（如loopback或metadata服务），属于资源访问控制失效。,GHSA-JRVC-8FF5-2F9F,High,<= 2026.2.13,CVE-2026-26324,CWE-918,https://github.com/openclaw/openclaw/security/advisories/GHSA-jrvc-8ff5-2f9f,Vulnerability Link
157,DM pairing-store identities could satisfy group allowlist authorization,Authentication & Authorization Decision Stage,漏洞涉及授权检查不充分，导致非预期身份满足组允许列表的授权条件,GHSA-JV6R-27WW-4GW4,Moderate,<= 2026.2.25,,CWE-285; CWE-863,https://github.com/openclaw/openclaw/security/advisories/GHSA-jv6r-27ww-4gw4,Vulnerability Link
158,BlueBubbles (optional plugin) pairing/allowlist mismatch when allowFrom is empty,Authentication & Authorization Decision Stage,漏洞涉及配对和允许列表的权限判断错误，属于授权决策问题,GHSA-JWF4-8WF4-JF2M,Moderate,<= 2026.2.21-2,,CWE-863,https://github.com/openclaw/openclaw/security/advisories/GHSA-jwf4-8wf4-jf2m,Vulnerability Link
159,Zip extraction symlink traversal could write outside destination,Resource Access Stage,漏洞允许通过符号链接在解压时写入目标目录之外的文件，属于对文件资源的越界访问。,GHSA-JXRQ-8FM4-9P58,Moderate,<= 2026.2.21-2,,CWE-59,https://github.com/openclaw/openclaw/security/advisories/GHSA-jxrq-8fm4-9p58,Vulnerability Link
160,Command injection in maintainer clawtributors updater,Execution Stage,该漏洞为命令注入（CWE-78），直接导致系统执行恶意命令，属于执行阶段的核心问题。,GHSA-M7X8-2W3W-PR42,Moderate,>=2026.1.8 <2026.2.14,CVE-2026-26323,CWE-78,https://github.com/openclaw/openclaw/security/advisories/GHSA-m7x8-2w3w-pr42,Vulnerability Link
161,Sandbox bind validation could bypass allowed-root and blocked-path checks via symlink-parent missing-leaf paths,Resource Access Stage,漏洞涉及通过符号链接绕过路径限制，直接导致对受保护资源的非法访问,GHSA-M8V2-6WWH-R4GC,Moderate,<= 2026.2.23,,CWE-22; CWE-59,https://github.com/openclaw/openclaw/security/advisories/GHSA-m8v2-6wwh-r4gc,Vulnerability Link
162,Command Injection in Clawdbot Docker Execution via PATH Environment Variable,Execution Stage,漏洞通过PATH环境变量导致命令注入，直接在命令执行阶段触发恶意代码执行。,GHSA-MC68-Q9JW-2H3V,High,<= 2026.1.24,CVE-2026-24763,CWE-78,https://github.com/openclaw/openclaw/security/advisories/GHSA-mc68-q9jw-2h3v,Vulnerability Link
163,"voice-call media stream validated streams after upgrade, which could allow pre-start unauthenticated sockets to increase resource pressure",Resource Access Stage,漏洞允许未认证的套接字在媒体流验证前增加资源压力，属于对系统资源的不当访问和耗尽。,GHSA-MFG5-7Q5G-F37J,High,<= 2026.2.21,,CWE-400; CWE-770,https://github.com/openclaw/openclaw/security/advisories/GHSA-mfg5-7q5g-f37j,Vulnerability Link
164,workspace path guard bypass on non-existent out-of-root symlink leaf,Resource Access Stage,漏洞涉及路径穿越（CWE-22）和符号链接解析问题（CWE-59），导致访问非预期的系统资源。,GHSA-MGRQ-9F93-WPP5,High,<= 2026.2.25,,CWE-22; CWE-59,https://github.com/openclaw/openclaw/security/advisories/GHSA-mgrq-9f93-wpp5,Vulnerability Link
165,Telegram allowlist authorization accepted mutable usernames,Authentication & Authorization Decision Stage,漏洞涉及授权机制错误地接受可变用户名，导致身份验证绕过或权限判断失效。,GHSA-MJ5R-HH7J-4GXF,Moderate,<=2026.2.13,,CWE-284; CWE-290,https://github.com/openclaw/openclaw/security/advisories/GHSA-mj5r-hh7j-4gxf,Vulnerability Link
166,Option injection in pre-commit hook can stage ignored files,Execution Stage,该漏洞涉及通过选项注入在pre-commit hook中执行非预期操作，属于命令或脚本执行阶段的问题。,GHSA-MMPF-JWF4-H3QV,Low,<=2026.2.14,,CWE-77,https://github.com/openclaw/openclaw/security/advisories/GHSA-mmpf-jwf4-h3qv,Vulnerability Link
167,Telegram webhook requests may be accepted without verifying secret token when webhookSecret is missing,Authentication & Authorization Decision Stage,漏洞核心在于未验证 webhook secret token，导致身份校验缺失，属于认证与授权决策阶段的问题。,GHSA-MP5H-M6QJ-6292,High,<= 2026.1.30,CVE-2026-25474,CWE-345,https://github.com/openclaw/openclaw/security/advisories/GHSA-mp5h-m6qj-6292,Vulnerability Link
168,Authorization bypass: `operator.write` can resolve exec approvals via `chat.send` -> `/approve`,Authentication & Authorization Decision Stage,漏洞核心在于权限判断错误，导致低权限用户可绕过授权执行高权限操作。,GHSA-MQPW-46FH-299H,High,< 2026.2.2,,CWE-269; CWE-863,https://github.com/openclaw/openclaw/security/advisories/GHSA-mqpw-46fh-299h,Vulnerability Link
169,Windows Scheduled Task script generation allowed local command injection via unsafe cmd argument handling,Execution Stage,漏洞源于脚本生成过程中对命令参数处理不当，直接导致本地命令注入并执行。,GHSA-MQR9-VQHQ-3JXW,Moderate,<= 2026.2.17,,,https://github.com/openclaw/openclaw/security/advisories/GHSA-mqr9-vqhq-3jxw,Vulnerability Link
170,Browser Relay /cdp websocket missing auth could allow cross-tab cookie access,Authentication & Authorization Decision Stage,漏洞因缺少身份认证导致跨标签页 Cookie 访问，属于权限判定缺失问题。,GHSA-MR32-VWC2-5J6H,High,<= 0.1.0,,,https://github.com/openclaw/openclaw/security/advisories/GHSA-mr32-vwc2-5j6h,Vulnerability Link
171,Unauthenticated Nostr profile HTTP endpoints allow remote profile/config tampering,Authentication & Authorization Decision Stage,漏洞涉及未认证用户可访问本应受权限控制的HTTP端点，导致越权修改配置，属于身份验证和授权判断缺失。,GHSA-MV9J-6XHH-G383,High,<=2026.2.9,,CWE-285; CWE-306,https://github.com/openclaw/openclaw/security/advisories/GHSA-mv9j-6xhh-g383,Vulnerability Link
172,system.run approval TOCTOU via mutable symlink cwd target on node host,Resource Access Stage,漏洞涉及通过可变符号链接在检查时间与使用时间（TOCTOU）之间篡改当前工作目录目标，导致访问非预期资源。,GHSA-MWCG-WFQ3-4GJC,Moderate,<= 2026.2.24,,CWE-59; CWE-367,https://github.com/openclaw/openclaw/security/advisories/GHSA-mwcg-wfq3-4gjc,Vulnerability Link
173,Gateway plugin auth bypass via encoded dot-segment traversal in protected /api/channels paths,Authentication & Authorization Decision Stage,漏洞通过编码的点段遍历绕过认证，直接导致受保护路径的权限校验被绕过。,GHSA-MWXV-35WR-4VVJ,High,<=2026.2.25,,CWE-289,https://github.com/openclaw/openclaw/security/advisories/GHSA-mwxv-35wr-4vvj,Vulnerability Link
174,Zip Slip path traversal in tar archive extraction,Resource Access Stage,漏洞在解压 tar 归档时发生路径遍历，导致非法访问文件系统资源,GHSA-P25H-9Q54-FFVW,High,< 2026.2.14,,CWE-22,https://github.com/openclaw/openclaw/security/advisories/GHSA-p25h-9q54-ffvw,Vulnerability Link
175,shell-env trusted-prefix fallback allowed attacker-controlled binary execution via $SHELL,Execution Stage,漏洞允许攻击者通过控制$SHELL环境变量执行任意二进制文件，属于命令/代码执行类问题。,GHSA-P4WH-CR8M-GM6C,Moderate,">= 2026.2.22, <= 2026.2.22-2",,CWE-184; CWE-829,https://github.com/openclaw/openclaw/security/advisories/GHSA-p4wh-cr8m-gm6c,Vulnerability Link
176,Web Fetch DoS via unbounded response parsing,Input Ingress Stage,漏洞源于对外部输入（HTTP响应）的无界解析，属于输入处理阶段的资源耗尽问题。,GHSA-P536-VVPP-9MC8,Moderate,<=2026.2.14,,CWE-400,https://github.com/openclaw/openclaw/security/advisories/GHSA-p536-vvpp-9mc8,Vulnerability Link
177,Sandboxed sessions_spawn now enforces sandbox inheritance for cross-agent spawns,Authentication & Authorization Decision Stage,漏洞涉及权限控制和沙箱继承问题，属于授权决策阶段的缺陷。,GHSA-P7GR-F84W-HQG5,High,<= 2026.2.26,,CWE-269; CWE-284,https://github.com/openclaw/openclaw/security/advisories/GHSA-p7gr-f84w-hqg5,Vulnerability Link
178,BlueBubbles webhook auth bypass via loopback proxy trust,Authentication & Authorization Decision Stage,漏洞涉及通过回环代理绕过 webhook 的身份验证，核心问题在于认证机制被绕过，属于认证与授权决策阶段的缺陷。,GHSA-PCHC-86F6-8758,High,< 2026.2.13,CVE-2026-26316,,https://github.com/openclaw/openclaw/security/advisories/GHSA-pchc-86f6-8758,Vulnerability Link
179,Auth inconsistency on local Browser Extension Relay /extension endpoint,Authentication & Authorization Decision Stage,漏洞涉及本地浏览器扩展中继端点的认证不一致，属于身份验证和授权判定问题。,GHSA-PFV7-RR5M-QMV6,Moderate,<= 2026.2.17,,,https://github.com/openclaw/openclaw/security/advisories/GHSA-pfv7-rr5m-qmv6,Vulnerability Link
180,SSRF in optional Tlon (Urbit) extension authentication,Resource Access Stage,SSRF漏洞涉及系统对内部或外部网络资源的非预期访问，属于资源访问阶段。,GHSA-PG2V-8XWH-QHCC,Moderate,<=2026.2.13,,CWE-918,https://github.com/openclaw/openclaw/security/advisories/GHSA-pg2v-8xwh-qhcc,Vulnerability Link
181,Command Injection via unescaped environment assignments in Windows Scheduled Task script generation,Execution Stage,漏洞源于在生成Windows计划任务脚本时未转义环境变量赋值，导致攻击者可注入并执行任意命令，属于命令注入类问题，直接触发执行阶段的安全风险。,GHSA-PJ5X-38RW-6FPH,Moderate,<= 2026.2.17,,CWE-78,https://github.com/openclaw/openclaw/security/advisories/GHSA-pj5x-38rw-6fph,Vulnerability Link
182,Cross-account sender authorization expansion in `/allowlist ... --store` account scoping,Authentication & Authorization Decision Stage,漏洞涉及跨账户的发送者授权范围扩大，属于权限判断错误和认证授权逻辑缺陷。,GHSA-PJVX-RX66-R3FG,Moderate,<= 2026.3.2,,CWE-639; CWE-863,https://github.com/openclaw/openclaw/security/advisories/GHSA-pjvx-rx66-r3fg,Vulnerability Link
183,Unauthenticated discovery TXT records could steer routing and TLS pinning,Authentication & Authorization Decision Stage,漏洞涉及未认证情况下通过TXT记录影响路由和TLS绑定，核心问题在于缺乏身份验证导致的决策错误。,GHSA-PV58-549P-QH99,High,<= 2026.2.13,CVE-2026-26327,CWE-345,https://github.com/openclaw/openclaw/security/advisories/GHSA-pv58-549p-qh99,Vulnerability Link
184,OS Command Injection via Project Root Path in sshNodeCommand,Execution Stage,漏洞通过项目根路径注入操作系统命令，直接导致命令执行,GHSA-Q284-4PVR-M585,High,<v2026.1.29,CVE-2026-25157,,https://github.com/openclaw/openclaw/security/advisories/GHSA-q284-4pvr-m585,Vulnerability Link
185,"system.run approvals did not bind PATH-token executable identity, enabling post-approval executable rebind",Authentication & Authorization Decision Stage,漏洞核心在于授权后未正确绑定可执行身份，导致权限决策失效,GHSA-Q399-23R3-HFX4,High,<= 2026.2.26,,CWE-367; CWE-426,https://github.com/openclaw/openclaw/security/advisories/GHSA-q399-23r3-hfx4,Vulnerability Link
186,Denial of service via unbounded webhook request body buffering,Input Ingress Stage,漏洞源于未限制Webhook请求体的缓冲大小，导致资源耗尽，属于外部输入进入系统时未做合理限制的问题。,GHSA-Q447-RJ3R-2CGH,High,<2026.2.12,,CWE-400,https://github.com/openclaw/openclaw/security/advisories/GHSA-q447-rj3r-2cgh,Vulnerability Link
187,image tool bypasses tools.fs.workspaceOnly on sandbox mount paths and exfiltrates out-of-workspace images,Resource Access Stage,漏洞核心在于绕过工作区限制访问了非工作区的文件资源，属于越界资源访问问题。,GHSA-Q6QF-4P5J-R25G,Moderate,<= 2026.2.22-2,,CWE-200; CWE-284,https://github.com/openclaw/openclaw/security/advisories/GHSA-q6qf-4p5j-r25g,Vulnerability Link
188,Sandbox dangling-symlink alias handling could bypass workspace-only write boundary,Resource Access Stage,漏洞涉及符号链接处理不当，导致绕过工作区写入限制，属于对文件系统资源的越界访问。,GHSA-QCC4-P59M-P54M,High,<=2026.2.25,,CWE-59; CWE-367,https://github.com/openclaw/openclaw/security/advisories/GHSA-qcc4-p59m-p54m,Vulnerability Link
189,tools.exec.safeBins trusted PATH directories allowed binary shadowing in allowlist mode,Execution Stage,漏洞允许通过PATH目录中的二进制文件伪装绕过allowlist执行任意程序，属于命令执行控制失效。,GHSA-QHRR-GRQP-6X2G,Moderate,<= 2026.2.21-2,,CWE-426,https://github.com/openclaw/openclaw/security/advisories/GHSA-qhrr-grqp-6x2g,Vulnerability Link
190,Telegram message_reaction authorization bypass allows unauthorized system-event injection,Authentication & Authorization Decision Stage,漏洞涉及授权绕过，导致未经授权的系统事件注入，核心问题在于权限判断缺失。,GHSA-QJ22-XQJR-V83V,Moderate,>= 2026.2.17,,CWE-863,https://github.com/openclaw/openclaw/security/advisories/GHSA-qj22-xqjr-v83v,Vulnerability Link
191,Windows cmd.exe parsing may bypass exec allowlist/approval gating,Execution Stage,漏洞涉及命令注入（CWE-78），在执行阶段因解析问题导致绕过执行白名单，直接引发任意命令执行风险。,GHSA-QJ77-C3C8-9C3Q,High,<= 2026.2.1,,CWE-78,https://github.com/openclaw/openclaw/security/advisories/GHSA-qj77-c3c8-9c3q,Vulnerability Link
192,missing authentication for local browser-control endpoints,Authentication & Authorization Decision Stage,漏洞涉及本地浏览器控制端点缺少身份认证，属于权限判断缺失问题。,GHSA-QPJJ-47VM-64PJ,High,">= 2026.1.5, <= 2026.2.9",,,https://github.com/openclaw/openclaw/security/advisories/GHSA-qpjj-47vm-64pj,Vulnerability Link
193,Path Traversal in Plugin Installation,Resource Access Stage,路径遍历漏洞直接导致系统访问了非预期的文件资源，属于资源访问阶段的问题。,GHSA-QRQ5-WJGG-RVQW,Critical,">= 2026.1.29-beta.1, < 2026.2.1",,CWE-22,https://github.com/openclaw/openclaw/security/advisories/GHSA-qrq5-wjgg-rvqw,Vulnerability Link
194,Chrome extension relay binds publicly due to wildcard treated as loopback,Resource Access Stage,漏洞因绑定到公开地址导致非预期的资源访问，属于资源访问控制不当。,GHSA-QW99-GRCX-4PVM,Moderate,>= 2026.1.14-1 < 2026.2.12,,CWE-284,https://github.com/openclaw/openclaw/security/advisories/GHSA-qw99-grcx-4pvm,Vulnerability Link
195,Stored XSS in exported session HTML viewer via markdown/raw-HTML rendering,Persistence & Output Presentation Stage,漏洞源于存储的HTML内容在输出展示时未正确处理，导致XSS,GHSA-R294-2894-92J3,Moderate,<= 2026.2.22-2,,CWE-79,https://github.com/openclaw/openclaw/security/advisories/GHSA-r294-2894-92j3,Vulnerability Link
196,ZIP extraction race could write outside destination via parent symlink rebind,Resource Access Stage,漏洞通过符号链接在解压时导致写入目标目录之外，属于资源访问控制不当,GHSA-R54R-WMMQ-MH84,Moderate,<= 2026.3.1,,CWE-59; CWE-367,https://github.com/openclaw/openclaw/security/advisories/GHSA-r54r-wmmq-mh84,Vulnerability Link
197,Path traversal in apply_patch could write/delete files outside the workspace,Resource Access Stage,漏洞允许通过路径遍历访问或修改工作区外的文件，属于对文件资源的越界访问。,GHSA-R5FQ-947M-XM57,High,<= 2026.2.13,,CWE-22,https://github.com/openclaw/openclaw/security/advisories/GHSA-r5fq-947m-xm57,Vulnerability Link
198,Nextcloud Talk allowlist bypass via actor.name display name spoofing,Authentication & Authorization Decision Stage,漏洞通过伪造显示名称绕过允许列表，直接影响系统对用户身份和权限的判断。,GHSA-R5H9-VJQC-HQ3R,High,<= 2026.2.2,,,https://github.com/openclaw/openclaw/security/advisories/GHSA-r5h9-vjqc-hq3r,Vulnerability Link
199,Node reconnect metadata spoofing could bypass platform-based node command policy,Authentication & Authorization Decision Stage,漏洞涉及通过元数据欺骗绕过基于平台的节点命令策略，属于权限判断和认证授权决策被绕过的问题。,GHSA-R65X-2HQR-J5HF,High,<= 2026.2.25,,CWE-290; CWE-863,https://github.com/openclaw/openclaw/security/advisories/GHSA-r65x-2hqr-j5hf,Vulnerability Link
200,OC-22: Reject symlinks in local skill packaging script,Resource Access Stage,漏洞涉及符号链接导致的资源访问控制问题，属于对文件系统资源的不当访问。,GHSA-R6H2-5GQQ-V5V6,Low,<=2026.2.17,CVE-2026-27485,CWE-59,https://github.com/openclaw/openclaw/security/advisories/GHSA-r6h2-5gqq-v5v6,Vulnerability Link
201,system.run wrapper-depth boundary could skip shell approval gating,Authentication & Authorization Decision Stage,漏洞涉及绕过 shell 执行的审批门控，属于权限判断和授权控制缺失问题。,GHSA-R6QF-8968-WJ9Q,Moderate,<= 2026.3.2,,CWE-436; CWE-863,https://github.com/openclaw/openclaw/security/advisories/GHSA-r6qf-8968-wj9q,Vulnerability Link
202,OpenClaw may disclose local files via MEDIA: path staging,Resource Access Stage,漏洞涉及通过MEDIA路径访问本地文件，属于任意文件读取类问题，直接发生在资源访问阶段。,GHSA-R8G4-86FX-92MQ,Moderate,<= 2026.1.30,CVE-2026-25475,CWE-22; CWE-200,https://github.com/openclaw/openclaw/security/advisories/GHSA-r8g4-86fx-92mq,Vulnerability Link
203,Nextcloud Talk webhook replay could trigger duplicate inbound processing,Authentication & Authorization Decision Stage,CWE-294（认证绕过）表明漏洞核心在于系统未能正确验证请求来源，导致攻击者可重放webhook触发非授权操作。,GHSA-R9Q5-C7QC-P26W,Moderate,<= 2026.2.24,,CWE-294,https://github.com/openclaw/openclaw/security/advisories/GHSA-r9q5-c7qc-p26w,Vulnerability Link
204,Dashboard leaked gateway auth material via browser URL/query and localStorage,Persistence & Output Presentation Stage,漏洞通过浏览器URL/query和localStorage泄露了认证凭据，属于敏感信息在输出或存储时的暴露问题。,GHSA-RCHV-X836-W7XP,High,<= 2026.3.2,,,https://github.com/openclaw/openclaw/security/advisories/GHSA-rchv-x836-w7xp,Vulnerability Link
205,Slack reaction/pin sender-policy consistency issue in non-message ingress,Authentication & Authorization Decision Stage,CWE-863 表示授权验证不正确，涉及权限策略一致性问题，属于权限判定阶段。,GHSA-RM2P-J3R7-4X4J,Low,<= 2026.2.24,,CWE-863,https://github.com/openclaw/openclaw/security/advisories/GHSA-rm2p-j3r7-4x4j,Vulnerability Link
206,Matrix allowlist bypass via displayName and cross-homeserver localpart matching,Authentication & Authorization Decision Stage,漏洞涉及绕过 allowlist 机制，影响对用户身份或权限的判断,GHSA-RMXW-JXXX-4CPC,Moderate,">= 2026.1.14-1, < 2026.2.2",,,https://github.com/openclaw/openclaw/security/advisories/GHSA-rmxw-jxxx-4cpc,Vulnerability Link
207,Google Chat shared-path webhook target ambiguity allowed cross-account policy-context misrouting,Authentication & Authorization Decision Stage,漏洞涉及跨账户策略上下文的错误路由，核心问题是权限判断和授权决策缺失，导致请求被错误地关联到其他账户的上下文中。,GHSA-RQ6G-PX6M-C248,High,<=2026.1.24-3,,CWE-284; CWE-639,https://github.com/openclaw/openclaw/security/advisories/GHSA-rq6g-px6m-c248,Vulnerability Link
208,Node role device-identity bypass allows unauthorized node.event injection,Authentication & Authorization Decision Stage,漏洞涉及绕过设备身份验证，导致未授权节点可注入事件，属于权限判定缺失问题。,GHSA-RV2Q-F2H5-6XMG,Moderate,<= 2026.2.21-2,,CWE-863,https://github.com/openclaw/openclaw/security/advisories/GHSA-rv2q-f2h5-6xmg,Vulnerability Link
209,Gateway connect could skip device identity checks when auth.token was present but not yet validated,Authentication & Authorization Decision Stage,漏洞涉及在身份令牌未验证前跳过设备身份检查，属于认证与授权决策阶段的问题。,GHSA-RV39-79C4-7459,High,<= 2026.2.1,,CWE-306,https://github.com/openclaw/openclaw/security/advisories/GHSA-rv39-79c4-7459,Vulnerability Link
210,LFI in BlueBubbles media path handling,Resource Access Stage,漏洞涉及通过路径处理不当导致的本地文件包含（LFI），属于对文件资源的越界访问。,GHSA-RWJ8-P9VQ-25GV,High,< v2026.2.14,,CWE-22,https://github.com/openclaw/openclaw/security/advisories/GHSA-rwj8-p9vq-25gv,Vulnerability Link
211,Avatar symlink traversal can expose out-of-workspace local files,Resource Access Stage,漏洞通过符号链接遍历访问了工作区外的本地文件，属于资源访问阶段的路径穿越问题。,GHSA-RX3G-MVC3-QFJF,Moderate,<=2026.2.21 || =2026.2.21-1 || =2026.2.21-2,,CWE-22; CWE-59,https://github.com/openclaw/openclaw/security/advisories/GHSA-rx3g-mvc3-qfjf,Vulnerability Link
212,Inbound media downloads could exceed configured byte limits before rejection across multiple channels,Input Ingress Stage,漏洞涉及外部输入（媒体下载）在进入系统时未正确限制大小，导致资源耗尽，属于输入阶段的处理不当。,GHSA-RXXP-482V-7MRH,Moderate,<=2026.2.21-2,,CWE-400; CWE-770,https://github.com/openclaw/openclaw/security/advisories/GHSA-rxxp-482v-7mrh,Vulnerability Link
213,Loopback CDP probe can leak Gateway token to local listener,Persistence & Output Presentation Stage,漏洞导致敏感信息（Gateway token）被泄露给本地监听者，属于敏感数据在输出或传输过程中的暴露问题。,GHSA-V3J7-34XH-6G3W,Moderate,<= 2026.2.21-2,,CWE-290; CWE-306,https://github.com/openclaw/openclaw/security/advisories/GHSA-v3j7-34xh-6g3w,Vulnerability Link
214,Potential code execution via unsafe hook module path handling in Gateway,Execution Stage,漏洞涉及通过不安全的hook模块路径处理导致潜在的代码执行，属于命令或代码执行类问题。,GHSA-V6C6-VQQG-W888,High,>= 2026.1.5,,,https://github.com/openclaw/openclaw/security/advisories/GHSA-v6c6-vqqg-w888,Vulnerability Link
215,Gateway auth token reuse in owner ID prompt hashing fallback,Authentication & Authorization Decision Stage,漏洞涉及认证令牌重用和权限判断中的owner ID处理问题，直接影响身份验证与授权决策。,GHSA-V6X2-2QVM-6GV8,Low,<=2026.2.21-2,,,https://github.com/openclaw/openclaw/security/advisories/GHSA-v6x2-2qvm-6gv8,Vulnerability Link
216,Slack: dmPolicy=open allowed any DM sender to run privileged slash commands,Authentication & Authorization Decision Stage,漏洞允许任意私信发送者绕过权限检查执行特权命令，核心问题在于权限判定缺失。,GHSA-V773-R54F-Q32W,Moderate,<= 2026.2.13,,,https://github.com/openclaw/openclaw/security/advisories/GHSA-v773-r54f-q32w,Vulnerability Link
217,Encoded-path auth bypass in plugin `/api/channels` route classification,Authentication & Authorization Decision Stage,漏洞涉及认证绕过，核心问题在于权限判断阶段未能正确处理编码路径导致的授权失效。,GHSA-V865-P3GQ-HW6M,Moderate,<= 2026.3.1,,CWE-288,https://github.com/openclaw/openclaw/security/advisories/GHSA-v865-p3gq-hw6m,Vulnerability Link
218,Path traversal (Zip Slip) in archive extraction during explicit installation commands,Resource Access Stage,漏洞在解压归档文件时发生路径遍历，导致非法访问或写入任意文件，属于资源访问阶段的越界访问问题。,GHSA-V892-HWPG-JWQP,High,>=2026.1.16-2 <2026.2.14,,CWE-22,https://github.com/openclaw/openclaw/security/advisories/GHSA-v892-hwpg-jwqp,Vulnerability Link
219,Slack system events bypass sender authorization in member and message subtype handlers,Authentication & Authorization Decision Stage,漏洞涉及绕过发送者授权检查，属于权限判断错误,GHSA-V8CG-4474-49V8,Moderate,<= 2026.2.25,,CWE-863,https://github.com/openclaw/openclaw/security/advisories/GHSA-v8cg-4474-49v8,Vulnerability Link
220,Improper Neutralization of Line Breaks in systemd Unit Generation Enables Local Command Execution (Linux),Execution Stage,漏洞通过在systemd单元生成中未正确中和换行符，导致本地命令执行，属于命令注入类问题，直接触发恶意代码执行。,GHSA-VFFC-F7R7-RX2W,High,<= 2026.2.19-2,,CWE-77,https://github.com/openclaw/openclaw/security/advisories/GHSA-vffc-f7r7-rx2w,Vulnerability Link
221,Path traversal in Feishu media temp-file naming allows writes outside os.tmpdir(),Resource Access Stage,漏洞允许通过路径遍历写入临时目录以外的文件，属于对文件资源的越界访问。,GHSA-VJ3G-5PX3-GR46,Moderate,<= 2026.2.17,,CWE-22,https://github.com/openclaw/openclaw/security/advisories/GHSA-vj3g-5px3-gr46,Vulnerability Link
222,Cross-account DM pairing authorization bypass via unscoped pairing store access,Authentication & Authorization Decision Stage,漏洞涉及跨账户授权绕过，核心问题在于权限判断缺失或错误。,GHSA-VJP8-WPRM-2JW9,Low,2026.2.25,,CWE-863,https://github.com/openclaw/openclaw/security/advisories/GHSA-vjp8-wprm-2jw9,Vulnerability Link
223,Non-default safeBins sort configuration can bypass intended allowlist approval constraints,Authentication & Authorization Decision Stage,漏洞涉及绕过预期的allowlist审批限制，属于权限或授权控制失效。,GHSA-VMQR-RC7X-3446,Moderate,<=2026.2.21-2,,CWE-15; CWE-78,https://github.com/openclaw/openclaw/security/advisories/GHSA-vmqr-rc7x-3446,Vulnerability Link
224,Browser control startup could continue unauthenticated after auth bootstrap failure,Authentication & Authorization Decision Stage,漏洞涉及认证引导失败后仍继续未认证操作，属于身份验证缺失问题,GHSA-VPJ2-69HF-RPPW,Moderate,<= 2026.2.26,,CWE-306,https://github.com/openclaw/openclaw/security/advisories/GHSA-vpj2-69hf-rppw,Vulnerability Link
225,voice-call Twilio webhook replay could bypass manager dedupe because normalized event IDs were randomized per parse,Authentication & Authorization Decision Stage,漏洞因事件ID随机化导致去重机制失效，可能被用于绕过身份或操作合法性校验，属于授权决策阶段的问题。,GHSA-VQX8-9XXW-F2M7,Moderate,<= 2026.2.22-2,,CWE-294; CWE-863,https://github.com/openclaw/openclaw/security/advisories/GHSA-vqx8-9xxw-f2m7,Vulnerability Link
226,Trusted-proxy Control UI pairing bypass allowed unpaired node sessions,Authentication & Authorization Decision Stage,漏洞涉及绕过配对检查，导致未配对节点会话被错误信任，属于身份或权限判定失效。,GHSA-VVGP-4C28-M3JM,Moderate,<= 2026.2.24,,CWE-807,https://github.com/openclaw/openclaw/security/advisories/GHSA-vvgp-4c28-m3jm,Vulnerability Link
227,ZDI-CAN-29311: OpenClaw Canvas Authentication Bypass Vulnerability,Authentication & Authorization Decision Stage,该漏洞为认证绕过问题，直接涉及系统对用户身份的错误判定。,GHSA-VVJH-F6P9-5VCF,High,<= 2026.2.17,,CWE-291,https://github.com/openclaw/openclaw/security/advisories/GHSA-vvjh-f6p9-5vcf,Vulnerability Link
228,OC-13: Docker container escape via unvalidated bind mount config injection,Input Ingress Stage,漏洞源于未验证的绑定挂载配置注入，属于外部输入进入系统时缺乏校验的问题。,GHSA-W235-X559-36MG,Moderate,<=2026.2.14,CVE-2026-27002,CWE-250,https://github.com/openclaw/openclaw/security/advisories/GHSA-w235-x559-36mg,Vulnerability Link
229,Denial of service through large base64 media files allocating large buffers before limit checks,Input Ingress Stage,漏洞源于在输入解析阶段处理大尺寸base64媒体文件时，未先进行限制检查就分配大量缓冲区，导致资源耗尽。,GHSA-W2CG-VXX6-5XJG,Moderate,<=2026.1.24-3,,CWE-400,https://github.com/openclaw/openclaw/security/advisories/GHSA-w2cg-vxx6-5xjg,Vulnerability Link
230,Harden cron webhook delivery against SSRF,Resource Access Stage,该漏洞涉及cron webhook在处理外部请求时可能被利用进行SSRF攻击，核心问题在于系统访问了由外部输入控制的内部资源。,GHSA-W45G-5746-X9FP,Moderate,<= 2026.2.17,CVE-2026-27488,,https://github.com/openclaw/openclaw/security/advisories/GHSA-w45g-5746-x9fp,Vulnerability Link
231,Inter-session prompts could be treated as direct user instructions,Authentication & Authorization Decision Stage,漏洞涉及系统错误地将跨会话的提示视为当前用户的直接指令，导致权限边界失效，属于授权判断错误。,GHSA-W5C7-9QQW-6645,Moderate,<2026.2.13,,,https://github.com/openclaw/openclaw/security/advisories/GHSA-w5c7-9qqw-6645,Vulnerability Link
232,MSTeams attachment redirect handling could bypass configured media host allowlists,Input Ingress Stage,漏洞涉及外部输入（重定向URL）在进入系统时未被正确校验，导致绕过媒体主机白名单，属于输入解析与校验缺失问题。,GHSA-W76H-8M22-HPGH,Moderate,<=2026.2.21-2,,CWE-918,https://github.com/openclaw/openclaw/security/advisories/GHSA-w76h-8m22-hpgh,Vulnerability Link
233,Multiple E2E/test Dockerfiles run all processes as root,Execution Stage,漏洞涉及以 root 权限执行所有进程，属于执行阶段的权限过高问题。,GHSA-W7J5-J98M-W679,High,<= 2026.2.19-2,,CWE-250,https://github.com/openclaw/openclaw/security/advisories/GHSA-w7j5-j98m-w679,Vulnerability Link
234,BASH_ENV / ENV startup-file injection into spawned shell commands,Execution Stage,漏洞通过注入环境变量影响shell命令执行，直接导致任意代码执行。,GHSA-W9CG-V44M-4QV8,Moderate,<= 2026.2.19-2,,CWE-15; CWE-78,https://github.com/openclaw/openclaw/security/advisories/GHSA-w9cg-v44m-4qv8,Vulnerability Link
235,SSRF via attachment/media URL hydration,Resource Access Stage,该漏洞涉及服务器端请求伪造（SSRF），即系统在访问外部资源（如通过URL获取附件或媒体）时未正确限制目标地址，导致可访问任意内部或外部资源。,GHSA-WFP2-V9C7-FH79,Moderate,< 2026.2.2,,CWE-918,https://github.com/openclaw/openclaw/security/advisories/GHSA-wfp2-v9c7-fh79,Vulnerability Link
236,Discord moderation authorization used untrusted sender identity in tool-driven flows,Authentication & Authorization Decision Stage,漏洞涉及在授权决策中使用了不可信的发送者身份，属于权限判断错误。,GHSA-WH94-P5M6-MR7J,Moderate,<=2026.2.17,CVE-2026-27484,CWE-862,https://github.com/openclaw/openclaw/security/advisories/GHSA-wh94-p5m6-mr7j,Vulnerability Link
237,Signal group allowlist authorization bypass via DM pairing-store leakage,Authentication & Authorization Decision Stage,漏洞涉及授权绕过，核心问题在于系统未能正确验证用户对 Signal 群组的访问权限。,GHSA-WM8R-W8PF-2V6W,Low,2026.2.25,,CWE-863,https://github.com/openclaw/openclaw/security/advisories/GHSA-wm8r-w8pf-2v6w,Vulnerability Link
238,Discord voice transcript owner-flag omission could expose owner-only tools in mixed-trust channels,Authentication & Authorization Decision Stage,漏洞源于未正确设置所有者标志，导致在混合信任频道中非所有者可访问所有者专属工具，属于权限判断错误。,GHSA-WPG9-4G4V-F9RC,Moderate,<= 2026.3.1,,CWE-269; CWE-863,https://github.com/openclaw/openclaw/security/advisories/GHSA-wpg9-4g4v-f9rc,Vulnerability Link
239,Typed sender-key matching for toolsBySender prevents identity-collision policy bypass,Authentication & Authorization Decision Stage,漏洞涉及身份识别与策略匹配，防止因身份混淆导致的权限绕过。,GHSA-WPPH-CJGR-7C39,Moderate,<= 2026.2.21-2,,,https://github.com/openclaw/openclaw/security/advisories/GHSA-wpph-cjgr-7c39,Vulnerability Link
240,Unbounded memory growth in Zalo webhook via query-string key churn (unauthenticated DoS),Input Ingress Stage,漏洞由未认证的外部输入（query-string key churn）导致内存无限制增长，属于输入解析阶段的资源耗尽问题。,GHSA-WR6M-JG37-68XH,Moderate,<= 2026.2.26,,CWE-400,https://github.com/openclaw/openclaw/security/advisories/GHSA-wr6m-jg37-68xh,Vulnerability Link
241,sandbox network isolation bypass via docker.network=container:<id>,Resource Access Stage,漏洞通过绕过网络隔离直接访问其他容器资源，属于资源访问控制失效。,GHSA-WW6V-V748-X7G9,Low,<= 2026.2.23,,CWE-284; CWE-693,https://github.com/openclaw/openclaw/security/advisories/GHSA-ww6v-v748-x7g9,Vulnerability Link
242,Two SSRF via sendMediaFeishu and markdown image fetching in Feishu extension,Resource Access Stage,漏洞涉及通过飞书扩展中的媒体发送和Markdown图片加载功能发起SSRF攻击，属于系统在访问外部网络资源时未正确校验目标地址，导致可访问内部或受限资源。,GHSA-X22M-J5QQ-J49M,High,< 2026.2.14,,CWE-918,https://github.com/openclaw/openclaw/security/advisories/GHSA-x22m-j5qq-j49m,Vulnerability Link
243,Slack interactive callbacks could skip configured sender checks in some shared-workspace flows,Authentication & Authorization Decision Stage,漏洞涉及绕过配置的发送者检查，属于权限判断错误,GHSA-X2FF-J5C2-GGPR,High,<= 2026.2.24,,CWE-863,https://github.com/openclaw/openclaw/security/advisories/GHSA-x2ff-j5c2-ggpr,Vulnerability Link
244,OC-65: overflow compaction retry counter reset after truncation amplifies bounded retry/cost cycles,Execution Stage,漏洞涉及重试计数器重置导致的资源耗尽，属于执行阶段的逻辑控制失效,GHSA-X2G4-7MJ7-2HHJ,Low,>=2026.2.9 <=2026.2.19-2,CVE-2026-27164,CWE-400,https://github.com/openclaw/openclaw/security/advisories/GHSA-x2g4-7mj7-2hhj,Vulnerability Link
245,Pre-auth webhook body parsing can enable unauthenticated slow-request DoS,Input Ingress Stage,漏洞发生在外部输入（webhook body）被解析阶段，导致未经认证的慢速请求DoS,GHSA-X4VP-4235-65HG,Moderate,<=2026.3.1,,CWE-400,https://github.com/openclaw/openclaw/security/advisories/GHSA-x4vp-4235-65hg,Vulnerability Link
246,TOCTOU symlink race in writeFileWithinRoot could create or truncate files outside root boundaries,Resource Access Stage,漏洞涉及在文件系统中访问或操作资源时因TOCTOU竞争条件导致越界文件创建或截断,GHSA-X82F-27X3-Q89C,Moderate,<= 2026.2.26,,CWE-59; CWE-367,https://github.com/openclaw/openclaw/security/advisories/GHSA-x82f-27x3-q89c,Vulnerability Link
247,Sensitive file disclosure via stageSandboxMedia,Resource Access Stage,漏洞涉及通过路径遍历（CWE-22）读取敏感文件，属于对文件资源的越权访问。,GHSA-X9CF-3W63-RPQ9,Moderate,<= 2026.2.17,,CWE-22,https://github.com/openclaw/openclaw/security/advisories/GHSA-x9cf-3w63-rpq9,Vulnerability Link
248,Webhook auth bypass when gateway is behind a reverse proxy (loopback remoteAddress trust),Authentication & Authorization Decision Stage,漏洞涉及在反向代理后错误地信任回环地址，导致认证绕过，属于身份验证和授权决策阶段的问题。,GHSA-XC7W-V5X6-CC87,Moderate,< 2026.2.12,,CWE-306,https://github.com/openclaw/openclaw/security/advisories/GHSA-xc7w-v5x6-cc87,Vulnerability Link
249,Shell startup env injection bypasses system.run allowlist intent (RCE class),Execution Stage,漏洞通过环境变量注入绕过allowlist限制，最终导致任意命令执行（RCE），属于命令执行阶段。,GHSA-XGF2-VXV2-RRMG,Moderate,<= 2026.2.21-2,,CWE-15; CWE-78,https://github.com/openclaw/openclaw/security/advisories/GHSA-xgf2-vxv2-rrmg,Vulnerability Link
250,Sandbox media fallback tmp symlink alias bypass allows host file reads outside sandboxRoot,Resource Access Stage,漏洞通过符号链接绕过沙箱限制，直接导致对宿主机文件的非授权访问，属于资源访问阶段的路径穿越问题。,GHSA-XMV6-R34M-62P4,Moderate,<= 2026.2.24,,CWE-22; CWE-59,https://github.com/openclaw/openclaw/security/advisories/GHSA-xmv6-r34m-62p4,Vulnerability Link
251,Exec approvals: safeBins could bypass stdin-only constraints via shell expansion,Execution Stage,漏洞涉及通过 shell expansion 绕过限制执行命令，属于命令执行阶段,GHSA-XVHF-X56F-2HPP,Moderate,<= 2026.2.13,,,https://github.com/openclaw/openclaw/security/advisories/GHSA-xvhf-x56f-2hpp,Vulnerability Link
252,Sandbox skill mirroring path traversal could write outside the sandbox workspace,Resource Access Stage,漏洞允许通过路径遍历写入沙箱外的文件，属于对文件资源的越界访问。,GHSA-XW4P-PW82-HQR7,High,< 2026.2.14,,CWE-22,https://github.com/openclaw/openclaw/security/advisories/GHSA-xw4p-pw82-hqr7,Vulnerability Link
253,TTS model directives allowed provider switching by default,Authentication & Authorization Decision Stage,漏洞允许通过TTS模型指令默认切换提供者，涉及权限控制缺失或授权决策不当。,GHSA-XWCR-V472-8HHR,Moderate,<=2026.2.19-2,CVE-2026-27159,CWE-20; CWE-94,https://github.com/openclaw/openclaw/security/advisories/GHSA-xwcr-v472-8hhr,Vulnerability Link
254,Path Traversal in Browser Download Functionality,Resource Access Stage,路径遍历漏洞直接导致系统访问了非授权的文件资源,GHSA-XWJM-J929-XQ7C,Moderate,">=2026.1.12, <=2026.2.12",CVE-2026-26972,CWE-22,https://github.com/openclaw/openclaw/security/advisories/GHSA-xwjm-j929-xq7c,Vulnerability Link
255,Sandbox config hash sorted primitive arrays and suppressed needed container recreation,Persistence & Output Presentation Stage,漏洞涉及沙箱配置哈希处理不当，导致容器未正确重建，属于配置持久化和状态管理问题。,GHSA-XXVH-5HWJ-42PP,Moderate,<=2026.2.14,CVE-2026-27007,,https://github.com/openclaw/openclaw/security/advisories/GHSA-xxvh-5hwj-42pp,Vulnerability Link
